date,base_rate,cpi,m2,hh_loan,corp_bond,gov_bond,credit_spread,hh_loan_yoy,kospi,usdkrw,sp500,vix,kospi_vol_20d,kospi_vol_60d,usdkrw_vol_20d,usdkrw_vol_60d,bis_ratio
1995-01-01,,50.847,,,,,,,,,470.4200134277344,11.960000038146973,,,,,
1995-02-01,,51.055,,,,,,,,,487.3900146484375,11.75,,,,,
1995-03-01,,51.574,,,,,,,,,500.7099914550781,13.369999885559082,,,,,
1995-04-01,,51.886,,,,,,,,,514.7100219726562,11.75,,,,,
1995-05-01,,51.99,,,,,,,,,533.4000244140625,12.850000381469728,,,,,
1995-06-01,,51.835,,,,,,,,,544.75,11.380000114440918,,,,,
1995-07-01,,51.99,,,,,,,,,562.0599975585938,13.489999771118164,,,,,
1995-08-01,,52.302,,,,,,,,,561.8800048828125,11.520000457763672,,,,,
1995-09-01,,52.77,,,,,,,,,584.4099731445312,12.739999771118164,,,,,
1995-10-01,,52.511,,,,,,,,,581.5,13.829999923706056,,,,,
1995-11-01,,52.406,,,,,,,,,605.3699951171875,11.579999923706056,,,,,
1995-12-01,,52.77,,,,,,,,,615.9299926757812,12.520000457763672,,,,,
1996-01-01,,53.289,,,,,,,,,636.02001953125,12.529999732971191,,,,,
1996-02-01,,53.499,,,,,,,,,640.4299926757812,17.040000915527344,,,,,
1996-03-01,,53.862,,,,,,,,,645.5,18.8799991607666,,,,,
1996-04-01,,54.226,,,,,,,,,654.1699829101562,15.829999923706056,,,,,
1996-05-01,,54.538,,,,,,,,,669.1199951171875,16.06999969482422,,,,,
1996-06-01,,54.538,,,,,,,,,670.6300048828125,13.68000030517578,,,,,
1996-07-01,,54.798,,,,,,,,,639.9500122070312,19.459999084472656,,,,,
1996-08-01,,55.057,,,,,,,,,651.989990234375,17.010000228881836,,,,,
1996-09-01,,55.162,,,,,,,,,687.3300170898438,16.950000762939453,,,,,
1996-10-01,,55.162,,,,,,,,,705.27001953125,18.11000061035156,,,,,
1996-11-01,,55.162,,,,,,,,,757.02001953125,17.139999389648438,,,,,
1996-12-01,,55.369,,,,,,,651.219970703125,,740.739990234375,20.920000076293945,,,,,
1997-01-01,,55.786,,,,,,,685.8400268554688,,786.1599731445312,19.46999931335449,0.3621514823763494,,,,
1997-02-01,,56.097,,,,,,,676.530029296875,,790.8200073242188,21.100000381469727,0.3042783272649541,,,,
1997-03-01,,56.305,,,,,,,677.3400268554688,,757.1199951171875,22.13999938964844,0.2317340415152639,,,,
1997-04-01,,56.565,,,,,,,703.22998046875,,801.3400268554688,20.059999465942383,0.2437634865084095,,,,
1997-05-01,,56.617,,,,,,,746.3599853515625,,848.280029296875,19.190000534057617,,,,,
1997-06-01,,56.721,,,,,,,745.4000244140625,,885.1400146484375,21.530000686645508,,,,,
1997-07-01,,56.825,,,,,,,726.1199951171875,,954.3099975585938,21.479999542236328,0.1933412597879702,,,,
1997-08-01,,57.24,,,,,,,704.27001953125,,899.469970703125,24.76000022888184,,,,,
1997-09-01,,57.502,,,,,,,647.1099853515625,,947.280029296875,22.90999984741211,,,,,
1997-10-01,,57.502,,,,,,,470.7900085449219,,914.6199951171876,35.09000015258789,,,,,
1997-11-01,,57.553,,,,,,,411.9100036621094,,955.4000244140624,27.43000030517578,0.691353520779549,,,,
1997-12-01,,59.009,,,,,,,375.1499938964844,,970.4299926757812,24.01000022888184,0.6988864987072108,,,,
1998-01-01,,60.413,,,,,,,558.3300170898438,,980.280029296875,21.46999931335449,,,,,
1998-02-01,,61.453,,,,,,,548.4199829101562,,1049.3399658203125,18.549999237060547,0.5069844180703635,,,,
1998-03-01,,61.349,,,,,,,481.0400085449219,,1101.75,24.21999931335449,0.4888972364729383,,,,
1998-04-01,,61.557,,,,,,,421.2200012207031,,1111.75,21.18000030517578,0.421573049394796,0.4551966982333767,,,
1998-05-01,,61.245,,,,,,,336.6300048828125,,1090.8199462890625,21.31999969482422,,,,,
1998-06-01,,60.985,,,,,,,297.8800048828125,,1133.8399658203125,19.709999084472656,0.4673063302600481,,,,
1998-07-01,,60.985,,,,,,,343.3299865722656,,1120.6700439453125,24.799999237060547,0.555240273268722,,,,
1998-08-01,,61.192,,,,,,,310.1600036621094,,957.280029296875,44.27999877929688,0.3768398415813058,,,,
1998-09-01,,61.453,,,,,,,310.32000732421875,,1017.010009765625,40.95000076293945,0.3834501964172551,,,,
1998-10-01,,61.66,,,,,,,384.75,,1098.6700439453125,28.049999237060547,0.4302465060098355,,,,
1998-11-01,,61.453,,,,,,,451.8800048828125,,1163.6300048828125,26.01000022888184,0.4041682293509473,,,,
1998-12-01,,61.349,,,,,,,562.4600219726562,,1229.22998046875,24.420000076293945,0.516414660562747,,,,
1999-01-01,,61.297,,,,,,,571.4299926757812,,1279.6400146484375,26.25,,,,,
1999-02-01,,61.557,,,,,,,520.0599975585938,,1238.3299560546875,27.8799991607666,0.459102292919094,,,,
1999-03-01,,61.66,,,,,,,618.97998046875,,1286.3699951171875,23.26000022888184,0.3285137407457338,,,,
1999-04-01,,61.816,,,,,,,752.5900268554688,,1335.1800537109375,25.06999969482422,0.3340183205588131,,,,
1999-05-01,4.75,61.712,,,,,,,736.02001953125,,1301.8399658203125,25.38999938964844,0.3788898923880816,,,,
1999-06-01,4.75,61.349,,,,,,,883.0,,1372.7099609375,21.09000015258789,0.4405057341844886,,,,
1999-07-01,4.75,61.14,,,,,,,969.719970703125,,1328.719970703125,24.63999938964844,0.4206981348375129,0.4662510642676186,,,
1999-08-01,4.75,61.765,,,,,,,937.8800048828124,,1320.4100341796875,24.450000762939453,0.4866498293758956,0.4610984133956508,,,
1999-09-01,4.75,61.921,,,,,,,836.1799926757812,,1282.7099609375,25.40999984741211,0.3362769945505059,0.4226098671646881,,,
1999-10-01,4.75,62.389,,,,,,,833.510009765625,,1362.9300537109375,22.200000762939453,0.3865929455056263,,,,
1999-11-01,4.75,62.284,,,,,,,996.6599731445312,,1388.9100341796875,24.18000030517578,0.3502098868041251,,,,
1999-12-01,4.75,62.18,,,,,,,1028.0699462890625,,1469.25,24.63999938964844,0.3305486827724226,0.3530877421501465,,,
2000-01-01,4.75,62.456,,,,,,,943.8800048828124,,1394.4599609375,24.950000762939453,,,,,
2000-02-01,5.0,62.647,,,,,,,828.3800048828125,,1366.4200439453125,23.3700008392334,0.3995462289519558,,,,
2000-03-01,5.0,62.962,,,,,,,860.9400024414062,,1498.5799560546875,24.11000061035156,0.2981587058971984,,,,
2000-04-01,5.0,62.709,,,,,,,725.3900146484375,,1452.4300537109375,26.200000762939453,0.3086107125035572,,,,
2000-05-01,5.0,62.393,,,,,,,731.8800048828125,,1420.5999755859375,23.649999618530277,,,,,
2000-06-01,5.0,62.709,,,,,,,821.219970703125,,1454.5999755859375,19.540000915527344,,,,,
2000-07-01,5.0,62.962,,,,,,,705.969970703125,,1430.8299560546875,20.739999771118164,0.3308732687811689,,,,
2000-08-01,5.0,63.277,,,,,,,688.6199951171875,,1517.6800537109375,16.84000015258789,,,,,
2000-09-01,5.0,64.098,,,,,,,613.219970703125,,1436.510009765625,20.56999969482422,,,,,
2000-10-01,5.25,64.035,,,,,,,514.47998046875,,1429.4000244140625,23.6299991607666,,,,,
2000-11-01,5.25,63.656,,,,,,,509.2300109863281,,1314.949951171875,29.649999618530277,0.4613632098409658,,,,
2000-12-01,5.25,63.908,,,,,,,504.6199951171875,,1320.280029296875,26.850000381469727,0.3908101132945846,,,,
2001-01-01,5.25,64.604,,,,,,,617.9099731445312,,1366.010009765625,22.020000457763672,,,,,
2001-02-01,5.0,64.919,,,,,,,578.0999755859375,,1239.93994140625,28.350000381469727,0.301447651857677,,,,
2001-03-01,5.0,65.488,,,,,,,523.219970703125,,1160.3299560546875,28.63999938964844,0.2727529535414192,,,,
2001-04-01,5.0,65.74,,,,,,,577.3599853515625,,1249.4599609375,25.479999542236328,0.2752844774088227,,,,
2001-05-01,5.0,65.677,,,,,,,612.1599731445312,,1255.8199462890625,22.63999938964844,0.2489941174318025,,,,
2001-06-01,5.0,65.866,,,,,,,595.1300048828125,,1224.3800048828125,19.059999465942383,0.261848824582551,,,,
2001-07-01,4.75,65.992,,,,,,,541.5499877929688,,1211.22998046875,21.6200008392334,0.2017150928462031,,,,
2001-08-01,4.5,66.245,,,,,,,545.1099853515625,,1133.5799560546875,24.920000076293945,,,,,
2001-09-01,4.0,66.182,,,,,,,479.6799926757813,,1040.93994140625,31.93000030517578,0.5409801481355347,,,,
2001-10-01,4.0,66.182,,,,,,,537.8099975585938,,1059.780029296875,33.560001373291016,,,,,
2001-11-01,4.0,65.804,,,,,,,643.8900146484375,,1139.449951171875,23.84000015258789,0.2176004218302573,,,,
2001-12-01,4.0,65.93,,,,,,,693.7000122070312,,1148.0799560546875,23.799999237060547,0.4196227517600832,0.3184639462782355,,,
2002-01-01,4.0,66.308,,,,,,,748.0700073242188,,1130.199951171875,21.09000015258789,0.3157643846261175,,,,
2002-02-01,4.0,66.624,,,,,,,819.989990234375,,1106.72998046875,21.59000015258789,0.2917323123237624,,,,
2002-03-01,4.0,67.003,,,,,,,895.5800170898438,,1147.3900146484375,17.399999618530273,,,,,
2002-04-01,4.0,67.382,,,,,,,842.3400268554688,,1076.9200439453125,21.90999984741211,0.2264503062612848,,,,
2002-05-01,4.25,67.634,,,,,,,796.4000244140625,,1067.1400146484375,19.979999542236328,0.3253552245418696,,,,
2002-06-01,4.25,67.571,,,,,,,742.719970703125,,989.8200073242188,25.399999618530277,0.3075480010985221,,,,
2002-07-01,4.25,67.382,,,,,,,717.989990234375,,911.6199951171876,32.029998779296875,,,,,
2002-08-01,4.25,67.824,,,,,,,736.4000244140625,,916.0700073242188,32.63999938964844,,,,,
2002-09-01,4.25,68.204,,,,,,,646.4199829101562,,815.280029296875,39.68999862670898,0.2793241297593695,,,,
2002-10-01,4.25,68.013,,,,,,,658.9199829101562,,885.760009765625,31.13999938964844,,,,,
2002-11-01,4.25,68.077,,,,,,,724.7999877929688,,936.3099975585938,27.5,0.3316290390132266,,,,
2002-12-01,4.25,68.391,,,,,,,627.5499877929688,,879.8200073242188,28.6200008392334,0.2210909148574513,,,,
2003-01-01,4.25,68.835,,,,,,,591.8599853515625,,855.7000122070312,31.170000076293945,0.3106253059746341,,,,
2003-02-01,4.25,69.213,,,,,,,575.4299926757812,,841.1500244140625,29.6299991607666,,,,,
2003-03-01,4.25,70.034,,,,,,,535.7000122070312,,848.1799926757812,29.149999618530277,0.3329644407728994,,,,
2003-04-01,4.25,69.908,,,,,,,599.3499755859375,,916.9199829101562,21.209999084472656,0.365209476906806,0.344750473009884,,,
2003-05-01,4.0,69.782,,,,,,,633.4199829101562,,963.5900268554688,19.46999931335449,,,,,
2003-06-01,4.0,69.592,,,,,,,669.9299926757812,,974.5,19.520000457763672,,,,,
2003-07-01,3.75,69.53,,,,,,,713.52001953125,,990.3099975585938,19.489999771118164,0.191604510859939,,,,
2003-08-01,3.75,69.845,,,,,,,759.469970703125,,1008.010009765625,18.6299991607666,,,,,
2003-09-01,3.75,70.477,,,,,,,697.52001953125,,995.969970703125,22.71999931335449,,,,,
2003-10-01,3.75,70.539,829477.3,317095.4,3.97,,,,782.3599853515625,,1050.7099609375,16.100000381469727,,,,,
2003-11-01,3.75,70.413,841469.1,319263.9,4.05,,,,796.1799926757812,,1058.199951171875,16.31999969482422,0.233059487173331,,,,
2003-12-01,3.75,70.73,848241.9,322013.0,3.95,,,,810.7100219726562,1189.9000244140625,1111.9200439453125,18.309999465942383,0.2324692196533096,,0.0773781069530913,,
2004-01-01,3.75,71.172,852283.5,320769.8,3.87,,,,848.5,1160.0,1131.1300048828125,16.6299991607666,,,0.1208945209613888,,
2004-02-01,3.75,71.487,860232.8,324479.4,3.82,,,,883.4199829101562,1172.800048828125,1144.93994140625,14.550000190734863,0.1394188378398367,,0.1296519144403029,0.1211624124230469,
2004-03-01,3.75,72.181,870802.2,328557.2,3.82,,,,880.5,1166.300048828125,1126.2099609375,16.739999771118164,0.2007758000322281,,0.1715070397559718,0.1420837381396047,
2004-04-01,3.75,72.181,872070.8,331650.8,3.8,,,,862.8400268554688,1162.699951171875,1107.300048828125,17.190000534057617,0.195989752469833,,0.2002995080285084,0.1699349270038946,
2004-05-01,3.75,72.119,873871.1,334895.4,3.81,,,,803.8400268554688,1159.4000244140625,1120.6800537109375,15.5,,,0.1485449296990038,0.1758598863832667,
2004-06-01,3.75,72.119,882455.9,338134.5,3.81,,,,785.7899780273438,1155.699951171875,1140.8399658203125,14.34000015258789,0.3439305053741917,,0.0809834249066061,0.1492115513635448,
2004-07-01,3.75,72.561,883705.3,339962.8,3.81,,,,735.3400268554688,1170.0999755859375,1101.719970703125,15.31999969482422,0.2484458668636226,,0.064190857365333,0.0981944101515559,
2004-08-01,3.5,73.191,884012.4,343899.0,3.59,,,,803.5700073242188,1150.5999755859375,1104.239990234375,15.289999961853027,0.191455008766041,0.2450676711046976,0.0574662763220588,0.0640989731796859,
2004-09-01,3.5,73.191,890541.0,345963.3,3.56,,,,835.0900268554688,1150.800048828125,1114.5799560546875,13.34000015258789,0.1392135364423135,0.1962774852047705,0.0397261663749411,0.0534487715224958,
2004-10-01,3.5,73.191,891458.0,348431.8,3.56,,,9.882325634493585,834.8400268554688,1106.300048828125,1130.199951171875,16.270000457763672,0.2701003458527911,,0.131534487386416,0.0853499061126137,
2004-11-01,3.25,72.75,895480.3,352118.1,3.38,,,10.290609116783944,878.0599975585938,1047.5999755859375,1173.8199462890625,13.239999771118164,0.2230328956427665,,0.2333330513618383,,
2004-12-01,3.25,72.877,897073.9,355540.0,3.32,,,10.411691453450644,895.9199829101562,1002.5999755859376,1211.9200439453125,13.289999961853027,0.182329302046116,0.2018806351714375,0.1496040238044588,,
2005-01-01,3.25,73.594,899589.3,354802.3,3.34,,,10.609633450530565,932.7000122070312,1025.4100341796875,1181.27001953125,12.81999969482422,0.1604735532720008,,0.2030079294114156,0.1800182169787773,
2005-02-01,3.25,73.892,910726.5,356815.9,3.37,,,9.965655755034051,1011.3599853515624,1003.7999877929688,1203.5999755859375,12.079999923706056,0.1557713610940025,,0.101572553839202,0.1567276068729978,
2005-03-01,3.25,74.338,926334.0,358717.9,3.31,,,9.179741000958131,965.6799926757812,1017.0,1180.5899658203125,14.020000457763672,0.1855068750214428,,0.0997879461848563,0.1424203245841306,
2005-04-01,3.25,74.413,932098.6,362732.0,3.31,,,9.371664413292535,911.2999877929688,996.6599731445312,1156.8499755859375,15.3100004196167,0.1991558654991359,,0.0741080950637338,0.0909220097247833,
2005-05-01,3.25,74.338,934622.4,368418.8,3.31,,,10.010110619614345,970.2100219726562,1007.0,1191.5,13.289999961853027,0.1721747429217403,,0.0792077139172067,0.0827192190954325,
2005-06-01,3.25,74.114,943169.1,374072.8,3.32,,,10.628403786067375,1008.1599731445312,1033.800048828125,1191.3299560546875,12.039999961853027,0.1298101935479948,,0.0746351124850371,0.0773028224261881,
2005-07-01,3.25,74.413,953348.6,376870.5,3.31,,,10.856393699545963,1111.2900390625,1023.0,1234.1800537109375,11.56999969482422,0.1163903587867074,,0.0946976780117971,0.0832840129648622,
2005-08-01,3.25,74.636,959700.2,382373.2,3.32,,,11.187645209785437,1083.3299560546875,1039.5,1220.3299560546875,12.600000381469728,0.1146660502709133,,0.098970081688674,0.0916859091881516,
2005-09-01,3.25,75.008,953812.2,384365.5,3.33,,,11.100079112437644,1221.010009765625,1032.0999755859375,1228.81005859375,11.920000076293944,0.1923288393495696,,0.1215483419941223,0.1064343027358681,
2005-10-01,3.5,74.859,955318.1,386813.6,3.55,,,11.015584685439151,1158.1099853515625,1044.0999755859375,1207.010009765625,15.31999969482422,,,0.2508972382919283,,
2005-11-01,3.5,74.561,953461.0,389765.8,3.6,,,10.691782103788473,1297.43994140625,1019.0999755859376,1249.47998046875,12.0600004196167,0.2059744881591139,,0.3088788772484843,,
2005-12-01,3.75,74.785,957776.3,393239.5,3.8,,,10.60344827586206,1379.3699951171875,999.4500122070312,1248.2900390625,12.06999969482422,0.1415557265639738,0.1841299902551426,0.1090817741441949,0.2255055431183057,
2006-01-01,3.75,75.231,954686.6,391955.4,3.84,,,10.471493561343893,1399.8299560546875,948.0800170898438,1280.0799560546875,12.949999809265137,,,0.1823991117651366,0.2024752328913972,
2006-02-01,4.0,75.381,961254.6,394899.3,4.02,,,10.673123030672116,1371.5899658203125,952.760009765625,1280.6600341796875,12.34000015258789,0.1952729608926745,,0.1095568454387897,0.1414992714608982,
2006-03-01,4.0,75.827,968589.7,398058.2,4.11,,,10.966918573062555,1359.5999755859375,964.0900268554688,1294.8699951171875,11.390000343322754,0.1645051848775987,,0.143041780693787,0.1556651925111226,
2006-04-01,4.0,75.902,971817.0,402414.5,4.12,,,10.939895018912038,1419.72998046875,922.469970703125,1310.6099853515625,11.59000015258789,0.1366517671102105,,0.1634013758148481,0.1455491789928857,
2006-05-01,4.0,76.05,978529.1,407842.0,4.11,,,10.700648283963798,1317.699951171875,937.1799926757812,1270.0899658203125,16.440000534057617,,,0.1192278487709446,0.1521697130700034,
2006-06-01,4.25,75.902,991544.0,412583.5,4.31,,,10.29497466803253,1295.1500244140625,936.4600219726562,1270.199951171875,13.079999923706056,,,0.1285220739236982,0.1322597280156386,
2006-07-01,4.25,76.199,995026.6,416151.0,4.33,,,10.422811018639022,1297.8199462890625,941.9500122070312,1276.6600341796875,14.949999809265137,0.2337577381207431,,0.1431657148749002,0.1314537682139951,
2006-08-01,4.5,76.645,996232.2,419683.2,4.5,,,9.757483003515931,1352.739990234375,950.1500244140624,1303.8199462890625,12.3100004196167,,,0.1977994854865988,0.1610037804492183,
2006-09-01,4.5,76.868,1010145.2,424584.6,4.56,,,10.463764307670688,1371.4100341796875,936.3800048828124,1335.8499755859375,11.979999542236328,0.1267355783926325,,0.2232430839638844,0.1958718533142242,
2006-10-01,4.5,76.496,1020465.8,429295.0,4.56,,,10.982395655168276,1364.550048828125,925.1500244140624,1377.93994140625,11.100000381469728,0.1309065553946293,,0.2531675481010682,0.2277913552670098,
2006-11-01,4.5,76.125,1029237.4,436398.1,4.57,,,11.964184646267071,1432.2099609375,919.8099975585938,1400.6300048828125,10.90999984741211,0.0905232226331325,,0.0708682599354103,0.1930358830542558,
2006-12-01,4.5,76.348,1039526.0,443348.2,4.58,,,12.742539851668,1434.4599609375,916.9400024414062,1418.300048828125,11.5600004196167,0.1158939351265959,,0.1229545288125295,0.1638003774871613,
2007-01-01,4.5,76.496,1045854.3,442116.3,4.69,,,12.797604013109654,1360.22998046875,924.0399780273438,1438.239990234375,10.420000076293944,0.1445083494681651,,0.1808254214945549,0.149383879051299,
2007-02-01,4.5,77.017,1057712.2,445113.7,4.68,,,12.715748040069965,1417.3399658203125,928.5999755859376,1406.8199462890625,15.420000076293944,0.151805344740137,,0.1253897855005208,0.1656116658926562,
2007-03-01,4.5,77.464,1061228.7,446559.6,4.69,,,12.184499653568247,1452.550048828125,932.3599853515624,1420.8599853515625,14.640000343322754,,,0.2388846284905895,0.1963692439244972,
2007-04-01,4.5,77.761,1062451.9,448897.8,4.78,,,11.55109967458925,1542.239990234375,930.5499877929688,1482.3699951171875,14.220000267028809,0.1095460345835257,,0.0727489844987214,0.1747122945735662,
2007-05-01,4.5,77.836,1065927.2,450369.0,4.74,,,10.427322345418077,1700.9100341796875,931.4099731445312,1530.6199951171875,13.050000190734863,,,0.2531260577256672,0.2014038946170269,
2007-06-01,4.5,77.836,1078822.2,453063.8,4.67,,,9.811419991347204,1743.5999755859375,921.5599975585938,1503.3499755859375,16.229999542236328,,,0.1637361722047879,0.1911882039978714,
2007-07-01,4.75,78.134,1081551.0,455971.5,4.77,,,9.568762300222764,1933.27001953125,920.4400024414062,1455.27001953125,23.520000457763672,0.1855050385771693,,0.0659335392679067,0.1800726198309775,
2007-08-01,5.0,78.208,1081202.5,460929.6,5.04,,,9.827984536907833,1873.239990234375,937.0999755859376,1473.989990234375,23.3799991607666,,,0.0798334624065138,0.1002956815073106,
2007-09-01,5.0,78.655,1085025.0,462807.0,5.12,,,9.00230484101403,1946.47998046875,911.3900146484376,1526.75,18.0,0.2357887654758244,,0.0786636319510015,0.0743752142753188,
2007-10-01,5.0,78.803,1087318.9,467870.9,5.13,,,8.985872185792987,2064.85009765625,898.6900024414062,1549.3800048828125,18.530000686645508,,,0.0962653096552376,,
2007-11-01,5.0,78.803,1090258.4,472698.3,5.14,,,8.318138873656888,1906.0,919.47998046875,1481.1400146484375,22.8700008392334,0.2888923882456951,,0.0590183706831538,,
2007-12-01,5.0,79.101,1096054.5,474094.4,5.18,,,6.935000525546298,1897.1300048828125,926.3599853515624,1468.3599853515625,22.5,0.2980965040967181,,,,
2008-01-01,5.0,79.472,1101904.3,473606.9,5.16,,,7.122695996505901,1624.6800537109375,941.219970703125,1378.550048828125,26.200000762939453,0.3151036479249294,,0.0970829381260019,,
2008-02-01,5.0,79.771,1117895.4,476919.4,5.13,,,7.145522593440745,1711.6199951171875,937.8400268554688,1330.6300048828125,26.540000915527344,0.342025629967668,,0.0574054734354141,,
2008-03-01,5.0,80.515,1129845.4,480414.6,5.17,,,7.581294859633525,1703.989990234375,992.280029296875,1322.699951171875,25.61000061035156,0.2308499004710303,,0.1372589337206398,0.1216693031238085,
2008-04-01,5.0,80.962,1143443.8,485302.9,5.17,,,8.109886036420777,1825.469970703125,1002.4000244140624,1385.5899658203125,20.790000915527344,0.2114869074242452,,0.065688190417914,,
2008-05-01,5.0,81.63,1161716.2,489620.6,5.13,,,8.715431124255879,1852.02001953125,1029.0999755859375,1400.3800048828125,17.829999923706055,,,0.1094054996686624,,
2008-06-01,5.0,82.151,1179236.3,494953.7,5.11,,,9.24591635879981,1674.9200439453125,1046.0,1280.0,23.950000762939453,,,0.1071534179564303,,
2008-07-01,5.0,82.747,1194790.2,498816.4,5.14,,,9.396398678426188,1594.6700439453125,1010.7000122070312,1267.3800048828125,22.940000534057617,0.2370669391815454,,0.1203262092343359,,
2008-08-01,5.25,82.598,1196348.6,502479.5,5.39,,,9.014370090356527,1474.239990234375,1088.4000244140625,1282.8299560546875,20.649999618530277,0.2690039274241093,,,,
2008-09-01,5.25,82.673,1204878.2,506379.7,5.39,,,9.414874883050594,1448.06005859375,1204.800048828125,1166.3599853515625,39.38999938964844,,,0.4163808334375675,,
2008-10-01,4.25,82.598,1236261.1,509177.8,5.17,,,8.828696121088097,1113.06005859375,1289.199951171875,968.75,59.88999938964844,,,0.5518752637602664,,
2008-11-01,4.0,82.375,1265992.1,511993.9,4.47,,,8.313040262679184,1076.0699462890625,1467.9000244140625,896.239990234375,55.27999877929688,0.7955998193029814,,0.5790732375876657,0.5215937557421622,
2008-12-01,3.0,82.375,1283658.0,515264.0,3.99,,,8.683840180352265,1124.469970703125,1242.199951171875,903.25,40.0,0.5348415967069645,,0.2775560623982418,0.5009095949727793,
2009-01-01,2.5,82.45,1288178.8,511998.3,3.05,,,8.106174128797527,1162.1099853515625,1377.0999755859375,825.8800048828125,44.84000015258789,,,0.3385963229045311,0.3869906438047598,
2009-02-01,2.0,83.045,1304510.2,514789.4,2.59,,,7.940545090008921,1063.030029296875,1530.300048828125,735.0900268554688,46.34999847412109,0.3188839243154148,,0.1590441946763729,0.2755405759065378,
2009-03-01,2.0,83.64,1316686.7,516625.8,2.38,,,7.537489493450034,1206.260009765625,1375.0999755859375,797.8699951171875,44.13999938964844,0.3255336754701827,,0.2261481284641015,0.2523178838920737,
2009-04-01,2.0,83.862,1330069.7,518871.1,2.35,,,6.916958460375966,1369.3599853515625,1278.0999755859375,872.8099975585938,36.5,0.2779957524963855,0.3026832880199167,0.2846204271322378,0.2403117611661415,
2009-05-01,2.0,83.862,1340341.1,522217.3,2.33,,,6.657542595225774,1395.8900146484375,1250.0999755859375,919.1400146484376,28.920000076293945,,,0.2219998568712643,0.2534502003703249,
2009-06-01,2.0,83.788,1341285.4,527686.8,2.32,,,6.6133660582798015,1390.0699462890625,1272.5999755859375,919.3200073242188,26.350000381469727,0.2305510249550491,,0.1275249951955581,0.2158552406269296,
2009-07-01,2.0,84.086,1353392.0,532047.6,2.3,,,6.662010310807731,1557.2900390625,1223.0999755859375,987.47998046875,25.920000076293945,0.2030381116193433,0.2104913755739994,0.1169635118415233,0.1530501631337159,
2009-08-01,2.0,84.384,1377552.3,536675.5,2.28,,,6.805451764698867,1591.8499755859375,1249.5,1020.6199951171876,26.01000022888184,0.1628906209553221,0.199819474871149,0.1180812454661137,0.1186148900429924,
2009-09-01,2.0,84.459,1380854.0,537787.6,2.3,,,6.2024405796677895,1673.1400146484375,1173.699951171875,1057.0799560546875,25.61000061035156,0.1746361273190493,0.1794736510649577,0.1654520312179599,0.1377641358611194,
2009-10-01,2.0,84.235,1391513.1,541111.7,2.31,,,6.271659919187367,1580.68994140625,1185.5,1036.18994140625,30.690000534057617,0.1680355914530767,0.183593115103777,0.1745219192563037,0.1576946899900337,
2009-11-01,2.0,84.384,1403686.5,545793.5,2.33,,,6.601563026434487,1555.5999755859375,1160.5999755859375,1095.6300048828125,24.51000022888184,0.1885304932158919,,0.0864880460921376,0.147748657472661,
2009-12-01,2.0,84.682,1398449.1,549760.0,2.3,,,6.69482051919017,1682.77001953125,1151.0999755859375,1115.0999755859375,21.68000030517578,0.2233000045441771,,0.1218808301900991,0.126839606810325,
2010-01-01,2.0,85.351,1402555.5,548723.3,2.3,,,7.172875378687782,1602.4300537109375,1158.199951171875,1073.8699951171875,24.6200008392334,,,0.1390004382662319,0.1191532888230812,
2010-02-01,2.0,85.523,1426953.0,549462.9,2.3,,,6.735472797225439,1594.5799560546875,1161.4000244140625,1104.489990234375,19.5,0.1935561348842965,,0.1430615867244465,0.1355246686365408,
2010-03-01,2.0,85.696,1435041.9,553139.7,2.32,,,7.067765489063849,1692.8499755859375,1131.5999755859375,1169.4300537109375,17.59000015258789,0.1172836918387431,,0.0733995942392149,0.1213951803035343,
2010-04-01,2.0,86.041,1449250.7,556580.2,2.31,,,7.267527522731565,1741.56005859375,1107.9000244140625,1186.68994140625,22.049999237060547,0.1199570123857192,,0.1337900393618208,0.1160726397361148,
2010-05-01,2.0,86.128,1459344.5,562771.4,2.3,,,7.765751919746822,1641.25,1200.0,1089.4100341796875,32.06999969482422,0.1361853492303615,,0.2234719800346834,0.1597848582258026,
2010-06-01,2.0,86.041,1468650.6,566741.3,2.27,,,7.40107578965401,1698.2900390625,1227.199951171875,1030.7099609375,34.540000915527344,,,0.2921751638481278,0.24355076574592,
2010-07-01,2.25,86.214,1484229.9,569875.5,2.43,,,7.109871372411036,1759.3299560546875,1184.0999755859375,1101.5999755859375,23.5,0.1298028456024834,,0.159563543340145,0.2492979376260378,
2010-08-01,2.25,86.647,1485791.7,573315.8,2.49,,,6.827272718803079,1742.75,1193.0999755859375,1049.3299560546875,26.049999237060547,0.1278314272886853,0.1314146906685696,0.1229005268004065,0.1880531106786096,
2010-09-01,2.25,87.337,1491062.7,576424.7,2.53,,,7.184453490560205,1872.81005859375,1139.199951171875,1141.199951171875,23.700000762939453,0.1398125015487306,0.1309941773524719,0.0964237872545941,0.1265842015894101,
2010-10-01,2.25,87.337,1496933.9,581735.1,2.5,,,7.507396347186734,1882.949951171875,1132.4000244140625,1183.260009765625,21.200000762939453,0.1227520323211169,,0.1225016787224847,0.1123407883546299,
2010-11-01,2.5,86.906,1510264.6,588076.5,2.59,,,7.74706917542991,1904.6300048828125,1163.0,1180.550048828125,23.540000915527344,0.1495154216022675,,0.1481904973911119,0.1253597523837087,
2010-12-01,2.5,87.251,1516163.6,593540.4,2.71,,,7.963547729918519,2051.0,1127.0999755859375,1257.6400146484375,17.75,0.1221777304236422,0.1299298897162575,0.1659497467133325,0.1518646685890164,
2011-01-01,2.75,88.288,1519652.1,593505.9,2.87,,,8.161235362157937,2069.72998046875,1117.4000244140625,1286.1199951171875,19.530000686645508,0.1224959487851281,,0.1493453915386335,0.1544468414381913,
2011-02-01,2.75,88.892,1525201.5,596531.9,2.95,,,8.566365445237523,1939.300048828125,1127.0999755859375,1327.219970703125,18.350000381469727,0.1195731847394536,,0.1276360136043909,0.1458850711708211,
2011-03-01,3.0,89.238,1530185.1,599373.8,3.13,,,8.358485207263211,2106.699951171875,1098.300048828125,1325.8299560546875,17.739999771118164,0.1773623603958233,,0.0868520072552657,0.1220278556499612,
2011-04-01,3.0,89.325,1538282.3,603754.6,3.18,,,8.475759647935742,2192.360107421875,1068.800048828125,1363.6099853515625,14.75,0.1346809105312577,,0.0884951674526766,0.107481578028969,
2011-05-01,3.0,89.497,1547876.0,609153.2,3.14,,,8.241676815843867,2142.469970703125,1075.300048828125,1345.199951171875,15.449999809265137,0.1544175690687463,,0.161085188234247,,
2011-06-01,3.25,89.67,1550782.3,614639.1,3.33,,,8.451439836835583,2100.68994140625,1068.9000244140625,1320.6400146484375,16.520000457763672,,,0.1350444374878591,,
2011-07-01,3.25,90.102,1556276.9,618984.7,3.36,,,8.617531373080611,2133.2099609375,1049.0,1292.280029296875,25.25,0.1559988176723198,,0.0983728243970673,0.1305081454648168,
2011-08-01,3.25,90.707,1569287.2,624049.2,3.35,,,8.84911945562985,1880.1099853515625,1071.800048828125,1218.8900146484375,31.6200008392334,0.234769158010191,,0.1761161202226961,0.1382342450844473,
2011-09-01,3.25,90.62,1576181.7,625419.4,3.35,,,8.499757210265301,1769.6500244140625,1177.0,1131.4200439453125,42.959999084472656,,,0.1522701331434652,0.1518062776135685,
2011-10-01,3.25,90.448,1596934.7,631117.1,3.35,,,8.488743416032495,1909.030029296875,1104.0,1253.300048828125,29.959999084472656,,,0.2053216009616218,0.182765504222208,
2011-11-01,3.25,90.534,1606159.0,634860.0,3.35,,,7.9553425447199455,1847.510009765625,1140.300048828125,1246.9599609375,27.799999237060547,0.2874430746146658,,0.1379839880395448,0.1707947882848035,
2011-12-01,3.25,90.879,1599192.0,639605.6,3.36,,,7.761089219874484,1825.739990234375,1155.4000244140625,1257.5999755859375,23.399999618530277,0.2828826090035911,0.2761142150836481,0.1533662570585938,0.1653958709259279,
2012-01-01,3.25,91.242,1604021.0,636200.9,3.35,,,7.193694283409813,1955.7900390625,1125.699951171875,1312.4100341796875,19.440000534057617,,,0.1097965417012539,0.1340889582870363,
2012-02-01,3.25,91.588,1614107.3,637211.6,3.35,,,6.819367078273597,2030.25,1124.5999755859375,1365.6800537109375,18.43000030517578,0.1335702500721197,,0.0767522047595187,0.1175167299637536,
2012-03-01,3.25,91.614,1617218.3,637123.8,3.36,,,6.298239929740013,2014.0400390625,1138.0,1408.469970703125,15.5,0.1150526526967821,,0.1151063113769732,0.0999548591155437,
2012-04-01,3.25,91.605,1627924.4,639583.9,3.35,,,5.934414412743205,1981.989990234375,1131.699951171875,1397.9100341796875,17.149999618530273,0.1187655070832236,,0.1268432207614267,0.1103083184737261,
2012-05-01,3.25,91.769,1632740.2,642741.1,3.36,,,5.513867447466425,1843.469970703125,1179.699951171875,1310.3299560546875,24.059999465942383,,,0.0934226059244786,0.114239596871458,
2012-06-01,3.25,91.639,1647680.9,645854.9,3.37,,,5.078720179044916,1854.010009765625,1157.0999755859375,1362.1600341796875,17.079999923706055,,,0.1748629062833951,0.1346136444322321,
2012-07-01,3.0,91.432,1655335.6,647552.4,3.19,,,4.615251394743702,1881.989990234375,1136.5999755859375,1379.3199462890625,18.93000030517578,0.174364554722122,,0.230977199575945,0.1796084820359967,
2012-08-01,3.0,91.855,1664812.3,649818.9,3.11,,,4.129434025394163,1905.1199951171875,1133.5999755859375,1406.5799560546875,17.469999313354492,0.2085348517703585,,0.2141693831841515,0.2119343108356926,
2012-09-01,3.0,92.512,1665438.6,648512.3,3.11,,,3.692386261123337,1996.2099609375,1115.4000244140625,1440.6700439453125,15.729999542236328,0.1741996776715124,,0.1664024003812417,0.1994033231875274,
2012-10-01,2.75,92.339,1674508.2,651132.8,2.92,,,3.1714716650840247,1912.06005859375,1090.300048828125,1412.1600341796875,18.600000381469727,,,0.1577348119926385,0.1766597572031908,
2012-11-01,2.75,92.011,1679360.0,653102.3,2.87,,,2.8734366632013453,1932.9000244140625,1082.0999755859375,1416.1800537109375,15.869999885559082,0.1224229373654205,,0.1841648518380793,0.1691537269476067,
2012-12-01,2.75,92.175,1686205.2,659858.3,2.87,,,3.166435690994596,1997.050048828125,1038.0999755859375,1426.18994140625,18.020000457763672,0.0994415198078317,,0.2174165773763513,0.1783943804659191,
2013-01-01,2.75,92.728,1697513.0,656243.3,2.87,,,3.1503256282724657,1961.93994140625,1085.4000244140625,1498.1099853515625,14.279999732971191,0.0948356821869079,,0.247904968328015,,
2013-02-01,2.75,93.038,1715144.7,654445.9,2.87,,,2.7046431671990945,2026.489990234375,1083.9000244140625,1514.6800537109375,15.510000228881836,0.0937366566288531,,0.2083153361609283,0.2215500502143211,
2013-03-01,2.75,92.952,1716563.4,655063.9,2.85,,,2.8157949836436824,2004.8900146484373,1112.0,1569.18994140625,12.699999809265137,,,0.2228921795080594,0.2267677030616078,
2013-04-01,2.75,92.823,1715120.9,656479.2,2.85,,,2.641608083005198,1963.949951171875,1103.199951171875,1597.5699462890625,13.520000457763672,0.1178532225618456,,0.1919468044125405,0.204788142609403,
2013-05-01,2.5,92.823,1721704.9,659877.1,2.85,,,2.666081257290065,2001.050048828125,1127.5999755859375,1630.739990234375,16.299999237060547,,,0.226371554530149,0.209088151770134,
2013-06-01,2.5,92.71,1734971.5,666423.4,2.5,,,3.1846936517784474,1863.3199462890625,1147.199951171875,1606.280029296875,16.860000610351562,,,0.1954848390072923,0.2068415330235694,
2013-07-01,2.5,92.909,1733257.0,667545.9,2.5,,,3.087549362800601,1914.030029296875,1113.300048828125,1685.72998046875,13.449999809265137,0.1869718481347797,,0.1390741983206773,0.1948588114563896,
2013-08-01,2.5,93.238,1740581.1,670827.5,2.5,,,3.232993069299761,1926.3599853515625,1111.699951171875,1632.969970703125,17.010000228881836,0.1226551285654887,,0.1227583973268839,0.148070204130727,
2013-09-01,2.5,93.419,1760373.2,672072.2,2.53,,,3.6329149038499153,1996.9599609375,1075.800048828125,1681.550048828125,16.600000381469727,0.1228024931955657,,0.0655692674639283,0.1094517897974518,
2013-10-01,2.5,93.134,1767029.8,676077.7,2.53,,,3.831000373502902,2030.0899658203125,1058.199951171875,1756.5400390625,13.75,,,0.0503318122383511,0.0929186828142385,
2013-11-01,2.5,93.116,1785757.8,681121.3,2.53,,,4.290139538629711,2044.8699951171875,1060.0999755859375,1805.81005859375,13.699999809265137,0.1278124194017195,,0.1855502103735432,,
2013-12-01,2.5,93.229,1795723.8,687186.4,2.56,,,4.141510381850155,2011.3399658203125,1054.300048828125,1848.3599853515625,13.720000267028809,0.1206543947851989,,0.0938641526565102,,
2014-01-01,2.5,93.73,1801014.8,685180.7,2.55,,,4.4095535908709405,1941.1500244140625,1079.300048828125,1782.5899658203125,18.40999984741211,,,0.0821084501604008,0.1275074376110099,
2014-02-01,2.5,93.98,1817451.3,688137.3,2.53,,,5.148080230925123,1979.989990234375,1068.699951171875,1859.449951171875,14.0,,,0.0990214470891586,0.0898131090673333,
2014-03-01,2.5,94.153,1823642.5,690570.9,2.53,,,5.420387232451684,1985.6099853515625,1066.550048828125,1872.3399658203125,13.880000114440918,0.1083854749294284,,0.0551861470498221,0.0846516207452547,
2014-04-01,2.5,94.214,1828499.8,695539.1,2.53,,,5.949906714485409,1961.7900390625,1029.43994140625,1883.949951171875,13.40999984741211,0.0787646227129703,0.0939929056129013,0.0606814677969636,0.0717727811635077,
2014-05-01,2.5,94.369,1844740.2,699317.6,2.53,,,5.976946313184683,1994.9599609375,1018.5399780273438,1923.5699462890625,11.399999618530272,,,0.0844214555274415,0.0699911296739177,
2014-06-01,2.5,94.248,1857971.9,705225.9,2.53,,,5.82249963011503,2002.2099609375,1013.2999877929688,1960.22998046875,11.56999969482422,,,0.0884831114083182,0.0874673035913602,
2014-07-01,2.5,94.386,1870462.5,710954.9,2.53,,,6.502773816751772,2076.1201171875,1023.5999755859376,1930.6700439453125,16.950000762939453,0.0806754607731632,,0.0426957818002029,0.0833536223645995,
2014-08-01,2.25,94.551,1893510.4,717236.0,2.53,,,6.918097424449643,2068.5400390625,1014.2000122070312,2003.3699951171875,12.09000015258789,0.0789450510844208,,0.0683376475308762,0.0645020328970815,
2014-09-01,2.25,94.49,1901684.4,722884.9,2.53,,,7.560601375864095,2020.0899658203125,1052.199951171875,1972.2900390625,16.309999465942383,,,0.1150233087716101,0.0827511241000032,
2014-10-01,2.0,94.205,1911864.4,730645.4,2.53,,,8.071217258016361,1964.4300537109373,1053.800048828125,2018.050048828125,14.029999732971191,,,0.1620069107682662,0.1315060156932504,
2014-11-01,2.0,94.015,1938971.7,738162.3,2.53,,,8.374572928493063,1980.780029296875,1099.0999755859375,2067.56005859375,13.329999923706056,0.1079859582314773,,0.1596376300414997,0.1555365673676522,
2014-12-01,2.0,94.006,1945050.1,745823.2,2.53,,,8.532881325940078,1915.5899658203125,1095.300048828125,2058.89990234375,19.200000762939453,0.0944208980655621,,0.1290654137458076,0.1476854528001515,
2015-01-01,2.0,94.643,1947913.1,746493.7,2.53,,,8.948442359803765,1949.260009765625,1098.800048828125,1994.989990234375,20.96999931335449,0.1193284373488048,,0.1069808354607123,0.1329915308949353,14.01
2015-02-01,2.0,94.587,1972706.1,750272.9,2.53,,,9.029535239551745,1985.800048828125,1100.6700439453125,2104.5,13.34000015258789,0.0895100323367089,,0.0888298859239972,0.1053595150757,14.01
2015-03-01,1.75,94.596,1979709.1,755124.9,2.53,,,9.347917788021466,2041.030029296875,1105.5,2067.889892578125,15.289999961853027,0.1054882903318539,,0.0936419868940837,0.0956107576524146,14.01
2015-04-01,1.75,94.625,2004896.6,765240.8,2.53,,,10.021248266272886,2127.169921875,1068.969970703125,2085.510009765625,14.550000190734863,0.0941171579901054,,0.0889326784197716,0.0913264995567315,14.01
2015-05-01,1.75,94.89,2016539.9,768150.8,2.53,,,9.84290971655799,2114.800048828125,1107.0,2107.389892578125,13.84000015258789,,,0.0817798189288983,0.0897096929619993,14.01
2015-06-01,1.5,94.909,2026835.7,759947.8,2.53,,,7.759485294002966,2074.199951171875,1118.219970703125,2063.110107421875,18.229999542236328,0.0928121678747502,,0.0780341329790859,0.0820199338616659,14.01
2015-07-01,1.5,95.08,2049268.7,763268.2,2.53,,,7.358174196422285,2030.1600341796875,1170.77001953125,2103.840087890625,12.119999885559082,0.136929175398152,,0.0677980630656433,0.0758691515383544,14.01
2015-08-01,1.5,95.213,2061340.0,773068.4,2.53,,,7.784383382875371,1941.489990234375,1177.5999755859375,1972.1800537109373,28.43000030517578,0.1052510314326823,,0.0902427505464459,0.0782056311016169,14.01
2015-09-01,1.5,94.966,2069855.7,780590.2,2.53,,,7.982640113246231,1962.81005859375,1194.1600341796875,1920.030029296875,24.5,0.2155319609615001,,0.0858669569221973,0.081903265873892,14.01
2015-10-01,1.5,94.966,2074987.5,792401.9,2.53,,,8.452321741846314,2029.469970703125,1139.8599853515625,2079.360107421875,15.06999969482422,,,0.089024572156412,0.0900501637879607,14.01
2015-11-01,1.5,94.786,2087249.4,801296.2,2.53,,,8.552848066068929,1991.969970703125,1154.8299560546875,2080.409912109375,16.1299991607666,0.1100055641473992,,0.0961901239063541,0.091014430426934,14.01
2015-12-01,1.5,95.07,2091637.2,812360.0,2.53,,,8.92125640500323,1961.31005859375,1175.43994140625,2043.93994140625,18.209999084472656,0.1474682572508414,,0.0946216514408808,0.0947645954010798,14.01
2016-01-01,1.5,95.232,2108840.8,815207.3,2.53,,,9.204846604867534,1912.06005859375,1205.6300048828125,1940.239990234375,20.200000762939453,,,0.0795558250663097,0.0888386175384115,14.55
2016-02-01,1.5,95.64,2135969.9,818680.7,2.53,,,9.117722364755544,1916.6600341796875,1241.1300048828125,1932.22998046875,20.549999237060547,0.1753723678502982,,0.092234468062078,0.0877877216069659,14.55
2016-03-01,1.5,95.393,2132190.5,825506.0,2.53,,,9.32045811229374,1995.8499755859373,1140.22998046875,2059.739990234375,13.949999809265137,0.0586973074436279,,0.1172104251027533,0.0989943627562036,14.55
2016-04-01,1.5,95.573,2145161.1,833242.2,2.53,,,8.886274751685995,1994.1500244140625,1134.0,2065.300048828125,15.699999809265137,0.0728879087714717,,0.1138698559765876,0.1118448025224068,14.55
2016-05-01,1.5,95.63,2161918.8,843348.3,2.53,,,9.789418952632744,1983.4000244140625,1198.449951171875,2096.949951171875,14.1899995803833,,,0.107994438498262,0.1157128803378272,14.55
2016-06-01,1.25,95.611,2177447.8,853309.9,2.53,,,12.28533065034203,1970.3499755859373,1152.1500244140625,2098.860107421875,15.630000114440918,,,0.1174188882681044,0.1123046785717338,14.55
2016-07-01,1.25,95.431,2198323.4,861646.9,2.53,,,12.889139099467272,2016.18994140625,1123.3499755859375,2173.60009765625,11.869999885559082,0.1496257879716333,,0.1203822696549194,0.1165502000785908,14.55
2016-08-01,1.25,95.677,2215622.4,873305.7,2.53,,,12.96616185579438,2034.6500244140625,1118.3800048828125,2170.949951171875,13.420000076293944,0.0877419441101315,,0.0872135102470846,0.1094915410193507,14.55
2016-09-01,1.25,96.247,2214263.1,881665.9,2.53,,,12.948625283791682,2043.6300048828125,1101.6199951171875,2168.27001953125,13.289999961853027,0.1117735847638699,,0.097165542115807,0.0984443490355955,14.55
2016-10-01,1.25,96.379,2231772.2,891837.3,2.53,,,12.54860696320894,2008.18994140625,1146.699951171875,2126.14990234375,17.059999465942383,,,0.1077624002564436,0.0979846647669633,14.55
2016-11-01,1.25,96.237,2258938.8,903488.8,2.53,,,12.75341128536489,1983.47998046875,1167.8599853515625,2198.81005859375,13.329999923706056,0.1329484462756025,,0.1129484546532398,0.1064460138339405,14.55
2016-12-01,1.25,96.342,2260321.7,908675.7,2.53,,,11.856282928750804,2026.4599609375,1205.2900390625,2238.830078125,14.039999961853027,0.1088787462171722,0.1132938989049022,0.1055074315645577,0.1080353442373218,14.55
2017-01-01,1.25,97.366,2272490.1,908985.0,2.53,,,11.503540265157095,2067.570068359375,1169.2099609375,2278.8701171875,11.989999771118164,,,0.1194285054475469,0.1136526643880899,14.83
2017-02-01,1.25,97.632,2284498.5,912946.4,2.53,,,11.514342526946098,2091.639892578125,1133.93994140625,2363.639892578125,12.920000076293944,0.0614093752368768,,0.125374320480258,0.1171520117006735,14.83
2017-03-01,1.25,97.565,2289944.4,917092.7,2.53,,,11.094613485547033,2160.22998046875,1117.02001953125,2362.719970703125,12.369999885559082,0.0823771437234757,,0.0943139492541069,0.1151413570899802,14.83
2017-04-01,1.25,97.442,2313073.2,922033.7,2.53,,,10.656145356056149,2205.43994140625,1129.93994140625,2384.199951171875,10.81999969482422,0.0773578910798234,,0.0899919854923615,0.1010222073131639,14.83
2017-05-01,1.25,97.546,2321319.8,929148.3,2.53,,,10.173732489885843,2347.3798828125,1123.9000244140625,2411.800048828125,10.40999984741211,,,0.0769649894599382,0.0878937124129459,14.83
2017-06-01,1.25,97.338,2325707.9,935349.8,2.53,,,9.614314799347824,2391.7900390625,1146.1400146484375,2423.409912109375,11.18000030517578,,,0.0717857076851913,0.0775575819722422,14.83
2017-07-01,1.25,97.499,2345077.5,941743.1,2.53,,,9.295710342600882,2402.7099609375,1124.050048828125,2470.300048828125,10.260000228881836,0.0636186746296441,,0.069371354286609,0.0729764274094138,14.83
2017-08-01,1.25,98.058,2356541.3,949144.2,2.53,,,8.684072484583583,2363.18994140625,1123.3299560546875,2471.64990234375,10.59000015258789,0.1065007634433777,,0.0691785036455487,,14.83
2017-09-01,1.25,98.172,2357175.9,954593.1,2.53,,,8.271523260681857,2394.469970703125,1145.93994140625,2519.360107421875,9.510000228881836,0.0863200576670803,,0.0672019888642552,,14.83
2017-10-01,1.25,98.077,2377101.6,962261.4,2.53,,,7.896518793282126,2523.429931640625,1123.449951171875,2575.260009765625,10.18000030517578,,,0.0475901723903447,0.0610043313812827,14.83
2017-11-01,1.5,97.347,2396513.7,970075.9,2.53,,,7.369997281648644,2476.3701171875,1080.6600341796875,2647.580078125,11.279999732971191,0.0783110647012884,,0.0513945394179752,0.0563293955129912,14.83
2017-12-01,1.5,97.698,2397310.3,974569.5,2.53,,,7.251630036986789,2467.489990234375,1069.489990234375,2673.610107421875,11.039999961853027,0.1038347145095634,,0.0602326639414132,,14.83
2018-01-01,1.5,98.106,2409680.6,977531.6,2.53,,,7.541004527027395,2566.4599609375,1072.5400390625,2823.81005859375,13.539999961853027,0.1098073542443197,,0.0541478536639348,,15.48
2018-02-01,1.5,98.855,2435665.0,979557.1,2.53,,,7.296233382375994,2427.360107421875,1079.3900146484375,2713.830078125,19.850000381469727,0.1473473079573921,,0.1083165149747333,0.0822864602094636,15.48
2018-03-01,1.5,98.751,2432805.4,983419.0,2.53,,,7.232235083759808,2445.85009765625,1062.0,2640.8701171875,19.96999931335449,0.1722848454114588,,0.1000705438224573,0.0916006159457411,15.48
2018-04-01,1.5,98.931,2448397.7,988831.2,2.53,,,7.244583359588708,2515.3798828125,1067.5999755859375,2648.050048828125,15.93000030517578,0.1407352684271648,,0.084232246273118,0.098490070522917,15.48
2018-05-01,1.5,98.979,2456570.7,993709.2,2.53,,,6.948395643623284,2423.010009765625,1075.030029296875,2705.27001953125,15.43000030517578,,,0.0768650586119152,0.0849890474165551,15.48
2018-06-01,1.5,98.779,2462035.2,998756.3,2.53,,,6.778907741253604,2326.1298828125,1120.5400390625,2718.3701171875,16.09000015258789,,,0.0833160249322029,0.0797426318560221,15.48
2018-07-01,1.5,98.59,2479242.3,1002688.6,2.53,,,6.471563210816189,2295.260009765625,1116.6700439453125,2816.2900390625,12.829999923706056,0.1201951089841964,,0.073750725468552,0.0784708610109919,15.48
2018-08-01,1.5,99.462,2489936.9,1008529.4,2.53,,,6.256709992011755,2322.8798828125,1115.449951171875,2901.52001953125,12.859999656677246,0.0986678644828593,,0.0990100079357769,0.0855412870239235,15.48
2018-09-01,1.5,100.221,2482947.8,1012933.0,2.53,,,6.111493996761563,2343.070068359375,1112.31005859375,2913.97998046875,12.119999885559082,0.0836764800775355,,0.0895856693437106,0.0891391031614062,15.48
2018-10-01,1.5,100.041,2510524.0,1020875.0,2.53,,,6.091234668666945,2029.68994140625,1137.699951171875,2711.739990234375,21.229999542236328,,,0.0768626410252233,0.0875865396006389,15.48
2018-11-01,1.75,99.33,2521497.0,1028154.8,2.53,,,5.987046992920875,2096.860107421875,1117.02001953125,2760.169921875,18.06999969482422,0.1878719928057906,,0.0921287829348706,0.084455739578977,15.48
2018-12-01,1.75,98.988,2516938.0,1033565.4,2.53,,,6.053534406730354,2041.0400390625,1116.300048828125,2506.85009765625,25.420000076293945,0.1345902286164296,,0.0764412883231783,0.0822111672673073,15.48
2019-01-01,1.75,98.884,2541916.3,1032937.2,2.53,,,5.667908843049174,2204.85009765625,1109.0,2704.10009765625,16.56999969482422,0.1186981809656095,,0.065980188037672,0.0768499927816301,15.86
2019-02-01,1.75,99.311,2552142.8,1034256.7,2.53,,,5.584115515062882,2195.43994140625,1115.0999755859375,2784.489990234375,14.779999732971191,0.1158654595951212,,0.0601675245002284,0.0660465251694601,15.86
2019-03-01,1.75,99.121,2567458.8,1035640.4,2.53,,,5.310188231059199,2140.669921875,1134.3199462890625,2834.39990234375,13.710000038146973,,,0.052095073743063,0.0587936770662111,15.86
2019-04-01,1.75,99.481,2586645.8,1039879.2,2.53,,,5.16245846611636,2203.590087890625,1158.7900390625,2945.830078125,13.119999885559082,0.1089108917149984,,0.0559121085353479,0.0549397481155944,15.86
2019-05-01,1.75,99.652,2588405.6,1044681.9,2.53,,,5.129538903333097,2041.739990234375,1188.3800048828125,2752.06005859375,18.709999084472656,,,0.0639941159392912,0.0571266649013118,15.86
2019-06-01,1.75,99.491,2610924.0,1049349.9,2.53,,,5.065660161542906,2130.6201171875,1155.510009765625,2941.760009765625,15.079999923706056,0.1489294919757346,,0.0708223277736371,,15.86
2019-07-01,1.5,99.187,2626313.4,1055135.2,2.53,,,5.230597016860461,2024.550048828125,1180.6500244140625,2980.3798828125,16.1200008392334,0.1220159126286325,,0.0646179440288201,,15.86
2019-08-01,1.5,99.425,2644620.3,1061985.3,2.53,,,5.300380930888093,1967.7900390625,1207.1600341796875,2926.4599609375,18.979999542236328,0.1455673729020693,,0.0761805206383934,0.0722174609397307,15.86
2019-09-01,1.5,99.794,2657896.1,1066028.2,2.53,,,5.241728722432781,2063.050048828125,1201.9100341796875,2976.739990234375,16.239999771118164,,,0.0617211662388655,0.0687940215880717,15.86
2019-10-01,1.25,100.041,2684616.6,1074036.7,2.53,,,5.207464185135291,2083.47998046875,1163.699951171875,3037.56005859375,13.220000267028809,,,0.0546687463717493,0.0659852819569469,15.86
2019-11-01,1.25,99.481,2714224.7,1079899.6,2.53,,,5.032783001158969,2087.9599609375,1177.010009765625,3140.97998046875,12.619999885559082,0.1087975653450239,,0.0537905421021034,0.0553887493509282,15.86
2019-12-01,1.25,99.719,2709976.7,1083506.5,2.53,,,4.8319245206931205,2197.669921875,1156.3499755859375,3230.780029296875,13.779999732971191,0.1259316845819378,,0.0610156243073005,0.0573858315674492,15.86
2020-01-01,1.25,100.09,2738719.5,1083000.6,2.53,,,4.8467031684017226,2119.010009765625,1187.1199951171875,3225.52001953125,18.84000015258789,,,0.0568654529452809,0.0584674952769563,15.6
2020-02-01,1.25,100.16,2772876.6,1085914.4,2.53,,,4.99466911841131,1987.010009765625,1211.31005859375,2954.219970703125,40.11000061035156,0.2353895724840091,,0.0721906472085044,0.0653608792131102,15.6
2020-03-01,0.75,99.94,2797940.6,1093996.5,2.53,,,5.634784042800956,1754.6400146484375,1222.699951171875,2584.590087890625,53.540000915527344,0.4216552813992454,,0.1219216920918673,0.0883524370872659,15.6
2020-04-01,0.75,99.5,2862592.4,1098979.3,2.53,,,5.683362067440156,1947.56005859375,1210.7900390625,2912.429931640625,34.150001525878906,0.6976182448497958,,0.1484269859942816,0.1234452427132655,15.6
2020-05-01,0.5,99.44,2903430.1,1102488.7,2.53,,,5.53343558455448,2029.5999755859373,1237.97998046875,3044.31005859375,27.51000022888184,,,0.0813009735738919,0.1250832357947119,15.6
2020-06-01,0.5,99.71,2924178.4,1108498.0,2.53,,,5.636642267750736,2108.330078125,1198.489990234375,3100.2900390625,30.43000030517578,0.2539376972545379,,0.0807976569246831,0.102255558359214,15.6
2020-07-01,0.5,99.63,2948195.4,1115389.8,2.53,,,5.710604669430053,2249.3701171875,1189.56005859375,3271.1201171875,24.459999084472656,0.2186579376145221,0.219846897392579,0.0555701989222714,0.0721016079201809,15.6
2020-08-01,0.5,100.19,2957258.4,1127381.2,2.53,,,6.157891262713333,2326.169921875,1179.5899658203125,3500.31005859375,26.40999984741211,0.1339737063562159,0.2197603488039666,0.0519755554825332,0.063037284876129,15.6
2020-09-01,0.5,100.74,2975068.2,1137429.5,2.53,,,6.697880975381332,2327.889892578125,1167.8599853515625,3363.0,26.3700008392334,0.1747686520002142,,0.0535137878926094,0.0520940808956371,15.6
2020-10-01,0.5,100.18,3013099.3,1148905.9,2.53,,,6.970823250266967,2267.14990234375,1129.52001953125,3269.9599609375,38.02000045776367,,,0.0645612715218732,0.0566022820024772,15.6
2020-11-01,0.5,100.09,3040116.3,1165134.0,2.53,,,7.892807812874447,2591.340087890625,1104.3299560546875,3621.6298828125,20.56999969482422,0.1780586861302731,,0.0570763381056315,0.0587789702214556,15.6
2020-12-01,0.5,100.33,3042608.9,1172737.3,2.53,,,8.235372838095568,2873.469970703125,1086.4200439453125,3756.070068359375,22.75,0.160985070189915,,0.0601080716468217,0.0600876546691843,15.6
2021-01-01,0.5,101.04,3068301.1,1180818.4,2.53,,,9.032109492829443,2976.2099609375,1112.2900390625,3714.239990234375,33.09000015258789,,,0.0538828442555453,0.0568816530215823,16.3
2021-02-01,0.5,101.58,3109468.9,1189039.8,2.53,,,9.496641724246423,3012.949951171875,1119.1300048828125,3811.14990234375,27.950000762939453,0.2894568906155325,,0.0567728583094248,0.0574500741311205,16.3
2021-03-01,0.5,101.84,3139905.3,1196829.2,2.53,0.932,1.598,9.399728426919095,3061.419921875,1132.3199462890625,3972.889892578125,19.399999618530277,0.1446859672201206,,0.1190409760435315,0.0830734875145376,16.3
2021-04-01,0.5,101.98,3187670.1,1215584.8,2.53,0.921,1.6089999999999998,10.610345435987734,3147.860107421875,1106.6300048828125,4181.169921875,18.61000061035156,0.1032850051537398,,0.0577619780425926,0.0866453053210615,16.3
2021-05-01,0.5,102.05,3215002.7,1211393.3,2.53,0.931,1.5989999999999998,9.87806949858081,3203.919921875,1112.8499755859375,4204.10986328125,16.760000228881836,0.1056116775639914,,0.0729510614337358,0.0857992377691129,16.3
2021-06-01,0.5,102.05,3226311.9,1218040.2,2.53,1.148,1.382,9.8820385783285,3296.679931640625,1130.510009765625,4297.5,15.829999923706056,0.0784941800778809,,0.0742431100244794,0.0683701332971477,16.3
2021-07-01,0.5,102.26,3267778.3,1230863.7,2.53,1.258,1.2719999999999998,10.352784291195771,3202.320068359375,1142.1199951171875,4395.259765625,18.239999771118164,0.0925161728789272,,0.0612708794614418,0.0703948889955621,16.3
2021-08-01,0.75,102.75,3292680.5,1238684.5,2.53,1.252,1.2779999999999998,9.872729827320171,3199.27001953125,1165.510009765625,4522.68017578125,16.479999542236328,0.1116063909448944,0.0945070422160375,0.0665075530207049,0.066103945919515,16.3
2021-09-01,0.75,103.17,3308123.4,1247144.7,2.53,1.363,1.1669999999999998,9.645890140883465,3068.820068359375,1187.4300537109375,4307.5400390625,23.13999938964844,0.143483817056996,,0.0704825704511043,0.0657691301553487,16.3
2021-10-01,0.75,103.35,3350628.5,1253287.8,2.53,1.63,0.8999999999999999,9.085330661109856,2970.679931640625,1167.3699951171875,4605.3798828125,16.260000228881836,,,0.0650449167493517,0.0672401322364017,16.3
2021-11-01,1.0,103.87,3391820.7,1259077.6,2.53,1.765,0.7649999999999999,8.062900919550886,2839.010009765625,1190.739990234375,4567.0,27.190000534057617,0.1337150150196555,,0.0963366693735637,0.0778081311409587,16.3
2021-12-01,1.0,104.04,3403332.6,1259892.6,2.53,1.693,0.8369999999999997,7.431783742190179,2977.64990234375,1189.8900146484375,4766.18017578125,17.219999313354492,0.1681042728421564,,0.0649443213842728,0.0791791112713662,16.3
2022-01-01,1.25,104.85,3440654.1,1258229.5,2.53,1.896,0.6339999999999999,6.5557159339658,2663.340087890625,1207.7099609375,4515.5498046875,24.82999992370605,,,0.0550368173193139,0.0759873200634456,16.15
2022-02-01,1.25,105.42,3471671.0,1256849.7,2.53,2.085,0.4449999999999998,5.702912551791783,2699.179931640625,1197.5899658203125,4373.93994140625,30.149999618530277,,,0.0438731883166444,0.0518107831453523,16.15
2022-03-01,1.25,106.1,3492163.0,1252757.2,2.53,2.129,0.4009999999999998,4.673014328193204,2757.64990234375,1210.43994140625,4530.41015625,20.559999465942383,,,0.0908531376781299,0.0669376657010429,16.15
2022-04-01,1.5,106.83,3512106.3,1252865.3,2.53,2.748,-0.2180000000000004,3.066877769448917,2695.050048828125,1272.2900390625,4131.93017578125,33.400001525878906,0.1271397545268944,,0.0867067094996575,0.0798909174671503,16.15
2022-05-01,1.75,107.5,3536839.0,1252781.8,2.53,2.788,-0.258,3.4166030140665216,2685.89990234375,1236.1700439453125,4132.14990234375,26.190000534057617,0.1456015937012903,,0.1001813286295578,0.0952013787650047,16.15
2022-06-01,1.75,108.21,3557150.9,1253388.1,2.53,3.344,-0.8140000000000001,2.9020306554742747,2332.639892578125,1301.72998046875,3785.3798828125,28.709999084472656,,,0.1082895824124657,0.0992224986392365,16.15
2022-07-01,2.25,108.73,3577276.8,1251270.6,2.53,3.242,-0.7120000000000002,1.657933368251907,2451.5,1295.1500244140625,4130.2900390625,21.32999992370605,0.2205893917595034,,0.1026613581480278,0.1051561834242351,16.15
2022-08-01,2.5,108.63,3598797.9,1251157.0,2.53,3.24,-0.7100000000000004,1.0069149973217506,2472.050048828125,1350.18994140625,3955.0,25.8700008392334,0.1151687177280695,,0.0885057277936718,0.0979306960046448,16.15
2022-09-01,2.5,108.82,3603613.7,1250132.7,2.53,3.897,-1.367,0.2395872748366834,2155.489990234375,1430.1700439453125,3585.6201171875,31.6200008392334,,,0.0898770206305393,0.0930333701590703,16.15
2022-10-01,3.0,109.16,3633484.1,1249767.3,2.53,4.228,-1.698,-0.2809011625262814,2293.610107421875,1421.6500244140625,3871.97998046875,25.8799991607666,,,0.1015981896204576,0.0932961219729689,16.15
2022-11-01,3.25,109.07,3681908.2,1247773.6,2.53,3.981,-1.451,-0.8978001038220329,2472.530029296875,1325.3699951171875,4080.110107421875,20.57999992370605,0.1749162694589976,,0.1436813311406413,0.1181934189233687,16.15
2022-12-01,3.25,109.26,3679694.2,1245852.7,2.53,3.756,-1.226,-1.1143727647896395,2236.39990234375,1260.260009765625,3839.5,21.670000076293945,0.1622799909730034,,0.1996892889269126,0.1590193463590616,16.15
2023-01-01,3.5,110.07,3682287.7,1238515.9,2.53,3.527,-0.9970000000000004,-1.566772993321175,2425.080078125,1231.5,4076.60009765625,19.399999618530277,,,0.1105583306366237,0.1598040236122407,16.4
2023-02-01,3.5,110.33,3685209.3,1232945.2,2.53,3.571,-1.0410000000000004,-1.9019378371176727,2412.85009765625,1318.3499755859375,3970.14990234375,20.700000762939453,0.1688481716616974,,0.0893365255705584,0.1368078229007353,16.4
2023-03-01,3.5,110.52,3686478.4,1223744.6,2.53,3.534,-1.004,-2.31589968111936,2476.860107421875,1296.5,4109.31005859375,18.700000762939453,0.1541333780848702,,0.1187421987307383,0.1092192253287146,16.4
2023-04-01,3.5,110.77,3676695.1,1219183.3,2.53,3.321,-0.7910000000000004,-2.688397547605481,2501.530029296875,1339.3900146484375,4169.47998046875,15.779999732971191,0.1249764013564654,,0.0967859610444717,0.1046797860918265,16.4
2023-05-01,3.5,111.13,3663874.9,1219224.4,2.53,3.426,-0.8960000000000004,-2.678630867721743,2577.1201171875,1319.7900390625,4179.830078125,17.940000534057617,,,0.0913488122414908,0.1025810675806801,16.4
2023-06-01,3.5,111.16,3677915.5,1220612.2,2.53,3.625,-1.0950000000000002,-2.614984137794208,2564.280029296875,1323.0699462890625,4450.3798828125,13.59000015258789,,,0.0948452338497496,0.093249398744213,16.4
2023-07-01,3.5,111.29,3711566.1,1222814.0,2.53,3.687,-1.157,-2.274216304610699,2632.580078125,1272.3900146484375,4588.9599609375,13.630000114440918,0.1263318244263493,,0.1084514819342442,0.0984323124239078,16.4
2023-08-01,3.5,112.28,3702522.0,1224789.3,2.53,3.745,-1.2150000000000003,-2.1074653300904638,2556.27001953125,1323.030029296875,4507.66015625,13.56999969482422,0.1415476480791183,,0.0819874699592517,0.0975056287787945,16.4
2023-09-01,3.5,112.85,3707489.5,1225664.6,2.53,3.858,-1.3280000000000003,-1.9572402193782976,2465.070068359375,1347.8499755859375,4288.0498046875,17.520000457763672,0.116449146942209,,0.0701519840707874,0.0872015239233055,16.4
2023-10-01,3.5,113.27,3724082.9,1229314.5,2.53,3.966,-1.4360000000000004,-1.6365286561746406,2277.989990234375,1348.0699462890625,4193.7998046875,18.13999938964844,,,0.0741253521127089,0.0741630303919329,16.4
2023-11-01,3.5,112.68,3756518.2,1231597.1,2.53,3.792,-1.262,-1.2964290957910962,2535.2900390625,1288.3599853515625,4567.7998046875,12.920000076293944,0.2804923832448164,,0.1071862848229483,0.0863405461499229,16.4
2023-12-01,3.5,112.73,3747579.6,1231037.7,2.53,3.426,-0.8960000000000004,-1.189145394154545,2655.280029296875,1277.8399658203125,4769.830078125,12.449999809265137,0.1316679306018731,,0.107792594239275,0.0987414172676423,16.4
2024-01-01,3.5,113.17,3725946.1,1232244.0,2.53,3.338,-0.8080000000000003,-0.5064044797487011,2497.090087890625,1326.6199951171875,4845.64990234375,14.350000381469728,0.1348061192892968,,0.1083018804422007,0.1099892218501233,16.52
2024-02-01,3.5,113.78,3758300.3,1230997.8,2.53,3.424,-0.8940000000000001,-0.1579470036462193,2642.360107421875,1333.3800048828125,5096.27001953125,13.399999618530272,0.1732584425873239,,0.0767341085186964,0.0989216660881438,16.52
2024-03-01,3.5,113.95,3811740.1,1226098.0,2.53,3.377,-0.847,0.1923113695455613,2746.6298828125,1349.800048828125,5254.35009765625,13.010000228881836,,,0.059895696994611,0.0807945590632933,16.52
2024-04-01,3.5,114.01,3814826.3,1230031.0,2.53,3.458,-0.9280000000000004,0.8897513606034524,2692.06005859375,1374.6400146484375,5035.68994140625,15.649999618530272,0.1621955649138259,,0.0746235033420054,0.0702660967626314,16.52
2024-05-01,3.5,114.1,3811701.4,1234936.3,2.53,3.458,-0.9280000000000004,1.2886799181512476,2636.52001953125,1375.6199951171875,5277.509765625,12.920000076293944,,,0.0800721030401633,0.0733362684806637,16.52
2024-06-01,3.5,113.84,3809703.4,1239381.3,2.53,3.319,-0.7890000000000001,1.537679207204401,2797.820068359375,1386.949951171875,5460.47998046875,12.4399995803833,,,0.071520674940691,0.0762143060063823,16.52
2024-07-01,3.5,114.13,3825246.7,1244664.1,2.53,3.141,-0.6110000000000002,1.786870284442288,2770.68994140625,1383.5,5522.2998046875,16.360000610351562,0.1185775512088207,,0.0612789941525764,0.0698007527354661,16.52
2024-08-01,3.5,114.54,3828979.7,1254330.5,2.53,3.032,-0.5020000000000002,2.4119413845303805,2674.31005859375,1332.8800048828125,5648.39990234375,15.0,0.3387525746094785,,0.0845824740033613,0.0730947791164757,16.52
2024-09-01,3.5,114.65,3845751.5,1260275.1,2.53,2.929,-0.399,2.8238149327311834,2593.27001953125,1309.300048828125,5762.47998046875,16.729999542236328,0.1617825685953386,,0.0849684761563762,0.0784986335634369,16.52
2024-10-01,3.25,114.69,3856940.4,1264622.0,2.53,2.93,-0.4000000000000003,2.872129141891677,2556.14990234375,1378.5699462890625,5705.4501953125,23.15999984741211,,,0.0869219513884344,0.088509076935912,16.52
2024-11-01,3.0,114.4,3881925.7,1269810.4,2.53,2.901,-0.371,3.1027435839203976,2455.909912109375,1393.300048828125,6032.3798828125,13.510000228881836,0.1717266515246661,,0.1111414765693353,0.0956451087327117,16.52
2024-12-01,3.0,114.91,3906282.9,1273139.2,2.53,2.694,-0.1640000000000001,3.4200008659361014,2399.489990234375,1467.3900146484375,5881.6298828125,17.350000381469727,0.2100447330420684,,0.0989855603926426,0.0999843592805321,16.52
2025-01-01,3.0,115.71,3921714.4,1273775.9,2.53,2.669,-0.1390000000000002,3.370428259338243,2517.3701171875,1441.6600341796875,6040.52978515625,16.43000030517578,,,0.1067266065253715,0.1081348914972775,16.67
2025-02-01,2.75,116.08,3920448.5,1279352.1,2.53,2.683,-0.153,3.928057385642769,2532.780029296875,1449.8599853515625,5954.5,19.6299991607666,0.1991506477332241,,0.113670157838683,0.1062643383784813,16.67
2025-03-01,2.75,116.29,3924087.0,1282455.9,2.53,2.67,-0.1400000000000001,4.5965249107330575,2481.1201171875,1469.4100341796875,5611.85009765625,22.280000686645508,,,0.0810884257477607,0.1019842804509064,16.67
2025-04-01,2.75,116.38,3935845.0,1289279.4,2.53,2.45,0.0799999999999996,4.81682168985984,2556.610107421875,1431.1600341796875,5569.06005859375,24.700000762939453,0.3167406066544882,,0.1180019490748967,0.1087243606011821,16.67
2025-05-01,2.5,116.27,3955366.9,1296049.4,2.53,2.343,0.1869999999999998,4.948684397729664,2697.669921875,1370.4100341796875,5911.68994140625,18.56999969482422,,,0.1598014249048428,,16.67
2025-06-01,2.5,116.31,3972892.3,1304610.7,2.53,2.435,0.0949999999999997,5.26306149689364,3071.699951171875,1363.5899658203125,6204.9501953125,16.729999542236328,,,0.117798797124474,,16.67
2025-07-01,2.5,116.52,3993116.2,1308782.4,2.53,2.426,0.1039999999999996,5.151454115210674,3245.43994140625,1392.52001953125,6339.39013671875,16.719999313354492,0.1653775739641577,,0.0939708430028841,0.1188701542787029,16.67
2025-08-01,2.5,116.45,4031011.4,1314357.0,2.53,2.365,0.1649999999999996,4.785540971857105,3186.010009765625,1384.4100341796875,6460.259765625,15.359999656677246,0.183228330885358,,0.0584574363132243,0.0911484787705901,16.67
2025-09-01,2.5,117.06,4055458.9,1316613.6,2.53,2.42,0.1099999999999998,4.4703335009951495,3424.60009765625,1399.3299560546875,6688.4599609375,16.280000686645508,0.1406872106837074,,0.0671180393530158,0.0708263417217673,16.67
2025-10-01,2.5,117.42,4056854.5,1321670.2,2.53,2.54,-0.0100000000000002,4.511087107451872,4107.5,1424.02001953125,6840.2001953125,17.440000534057617,0.1687939710037877,,0.0636885627948657,0.0634349035300669,16.67
2025-11-01,2.5,117.2,4066699.3,1325872.6,2.53,2.761,-0.2310000000000003,4.415005578785625,3926.590087890625,1461.4000244140625,6849.08984375,16.350000381469727,0.3185329257222957,,0.0727899951928844,0.0676409127329066,16.67
2025-12-01,2.5,117.57,4089671.2,1326681.3,2.53,2.84,-0.31,4.205518139728959,4214.169921875,1437.9100341796875,6845.5,14.949999809265137,0.2673566451480454,,0.0781769726263714,0.072616759390486,16.67
2026-01-01,2.5,118.03,4101033.6,1327862.2,2.53,2.865,-0.3350000000000004,4.246139371925639,5224.35986328125,1428.760009765625,6939.02978515625,17.440000534057617,0.1548388238515831,,0.0902451007171219,0.0824374111462026,16.7
2026-02-01,2.5,118.4,4101033.6,1327862.2,2.53,2.92,-0.3900000000000001,3.791770850260834,6244.1298828125,1432.3199462890625,6878.8798828125,19.86000061035156,0.37029499619447,,0.0956894131430337,0.0873770084951358,16.7
2026-03-01,2.5,118.8,4101033.6,1327862.2,2.53,3.24,-0.7100000000000004,3.540573987768325,5052.4599609375,1516.1300048828125,6528.52001953125,25.25,0.7529822337245206,,0.1431041472978956,0.1118024534238535,16.7
2026-04-01,2.5,118.8,4101033.6,1327862.2,2.53,3.24,-0.7100000000000004,2.992586401364994,5450.330078125,1500.6199951171875,6593.39990234375,26.170000076293945,0.6285248743128218,,0.1446978258669286,0.1224812362882957,16.7
