date,kospi,usdkrw,sp500,vix,kospi_vol_20d,kospi_vol_60d,usdkrw_vol_20d,usdkrw_vol_60d,bis_ratio
1995-01-01,,,470.4200134277344,11.960000038146973,,,,,
1995-02-01,,,487.3900146484375,11.75,,,,,
1995-03-01,,,500.7099914550781,13.369999885559082,,,,,
1995-04-01,,,514.7100219726562,11.75,,,,,
1995-05-01,,,533.4000244140625,12.850000381469727,,,,,
1995-06-01,,,544.75,11.380000114440918,,,,,
1995-07-01,,,562.0599975585938,13.489999771118164,,,,,
1995-08-01,,,561.8800048828125,11.520000457763672,,,,,
1995-09-01,,,584.4099731445312,12.739999771118164,,,,,
1995-10-01,,,581.5,13.829999923706055,,,,,
1995-11-01,,,605.3699951171875,11.579999923706055,,,,,
1995-12-01,,,615.9299926757812,12.520000457763672,,,,,
1996-01-01,,,636.02001953125,12.529999732971191,,,,,
1996-02-01,,,640.4299926757812,17.040000915527344,,,,,
1996-03-01,,,645.5,18.8799991607666,,,,,
1996-04-01,,,654.1699829101562,15.829999923706055,,,,,
1996-05-01,,,669.1199951171875,16.06999969482422,,,,,
1996-06-01,,,670.6300048828125,13.680000305175781,,,,,
1996-07-01,,,639.9500122070312,19.459999084472656,,,,,
1996-08-01,,,651.989990234375,17.010000228881836,,,,,
1996-09-01,,,687.3300170898438,16.950000762939453,,,,,
1996-10-01,,,705.27001953125,18.110000610351562,,,,,
1996-11-01,,,757.02001953125,17.139999389648438,,,,,
1996-12-01,651.219970703125,,740.739990234375,20.920000076293945,,,,,
1997-01-01,685.8400268554688,,786.1599731445312,19.469999313354492,0.3621514823763494,,,,
1997-02-01,676.530029296875,,790.8200073242188,21.100000381469727,0.30427832726495413,,,,
1997-03-01,677.3400268554688,,757.1199951171875,22.139999389648438,0.23173404151526392,,,,
1997-04-01,703.22998046875,,801.3400268554688,20.059999465942383,0.24376348650840954,,,,
1997-05-01,746.3599853515625,,848.280029296875,19.190000534057617,,,,,
1997-06-01,745.4000244140625,,885.1400146484375,21.530000686645508,,,,,
1997-07-01,726.1199951171875,,954.3099975585938,21.479999542236328,0.1933412597879702,,,,
1997-08-01,704.27001953125,,899.469970703125,24.760000228881836,,,,,
1997-09-01,647.1099853515625,,947.280029296875,22.90999984741211,,,,,
1997-10-01,470.7900085449219,,914.6199951171875,35.09000015258789,,,,,
1997-11-01,411.9100036621094,,955.4000244140625,27.43000030517578,0.691353520779549,,,,
1997-12-01,375.1499938964844,,970.4299926757812,24.010000228881836,0.6988864987072108,,,,
1998-01-01,558.3300170898438,,980.280029296875,21.469999313354492,,,,,
1998-02-01,548.4199829101562,,1049.3399658203125,18.549999237060547,0.5069844180703635,,,,
1998-03-01,481.0400085449219,,1101.75,24.219999313354492,0.48889723647293837,,,,
1998-04-01,421.2200012207031,,1111.75,21.18000030517578,0.42157304939479606,0.4551966982333767,,,
1998-05-01,336.6300048828125,,1090.8199462890625,21.31999969482422,,,,,
1998-06-01,297.8800048828125,,1133.8399658203125,19.709999084472656,0.4673063302600481,,,,
1998-07-01,343.3299865722656,,1120.6700439453125,24.799999237060547,0.555240273268722,,,,
1998-08-01,310.1600036621094,,957.280029296875,44.279998779296875,0.3768398415813058,,,,
1998-09-01,310.32000732421875,,1017.010009765625,40.95000076293945,0.3834501964172551,,,,
1998-10-01,384.75,,1098.6700439453125,28.049999237060547,0.4302465060098355,,,,
1998-11-01,451.8800048828125,,1163.6300048828125,26.010000228881836,0.40416822935094737,,,,
1998-12-01,562.4600219726562,,1229.22998046875,24.420000076293945,0.516414660562747,,,,
1999-01-01,571.4299926757812,,1279.6400146484375,26.25,,,,,
1999-02-01,520.0599975585938,,1238.3299560546875,27.8799991607666,0.459102292919094,,,,
1999-03-01,618.97998046875,,1286.3699951171875,23.260000228881836,0.3285137407457338,,,,
1999-04-01,752.5900268554688,,1335.1800537109375,25.06999969482422,0.33401832055881314,,,,
1999-05-01,736.02001953125,,1301.8399658203125,25.389999389648438,0.37888989238808163,,,,
1999-06-01,883.0,,1372.7099609375,21.09000015258789,0.4405057341844886,,,,
1999-07-01,969.719970703125,,1328.719970703125,24.639999389648438,0.4206981348375129,0.46625106426761864,,,
1999-08-01,937.8800048828125,,1320.4100341796875,24.450000762939453,0.4866498293758956,0.46109841339565083,,,
1999-09-01,836.1799926757812,,1282.7099609375,25.40999984741211,0.33627699455050597,0.4226098671646881,,,
1999-10-01,833.510009765625,,1362.9300537109375,22.200000762939453,0.3865929455056263,,,,
1999-11-01,996.6599731445312,,1388.9100341796875,24.18000030517578,0.3502098868041251,,,,
1999-12-01,1028.0699462890625,,1469.25,24.639999389648438,0.33054868277242266,0.35308774215014654,,,
2000-01-01,943.8800048828125,,1394.4599609375,24.950000762939453,,,,,
2000-02-01,828.3800048828125,,1366.4200439453125,23.3700008392334,0.39954622895195585,,,,
2000-03-01,860.9400024414062,,1498.5799560546875,24.110000610351562,0.2981587058971984,,,,
2000-04-01,725.3900146484375,,1452.4300537109375,26.200000762939453,0.30861071250355726,,,,
2000-05-01,731.8800048828125,,1420.5999755859375,23.649999618530273,,,,,
2000-06-01,821.219970703125,,1454.5999755859375,19.540000915527344,,,,,
2000-07-01,705.969970703125,,1430.8299560546875,20.739999771118164,0.3308732687811689,,,,
2000-08-01,688.6199951171875,,1517.6800537109375,16.84000015258789,,,,,
2000-09-01,613.219970703125,,1436.510009765625,20.56999969482422,,,,,
2000-10-01,514.47998046875,,1429.4000244140625,23.6299991607666,,,,,
2000-11-01,509.2300109863281,,1314.949951171875,29.649999618530273,0.4613632098409658,,,,
2000-12-01,504.6199951171875,,1320.280029296875,26.850000381469727,0.39081011329458465,,,,
2001-01-01,617.9099731445312,,1366.010009765625,22.020000457763672,,,,,
2001-02-01,578.0999755859375,,1239.93994140625,28.350000381469727,0.301447651857677,,,,
2001-03-01,523.219970703125,,1160.3299560546875,28.639999389648438,0.2727529535414192,,,,
2001-04-01,577.3599853515625,,1249.4599609375,25.479999542236328,0.2752844774088227,,,,
2001-05-01,612.1599731445312,,1255.8199462890625,22.639999389648438,0.24899411743180253,,,,
2001-06-01,595.1300048828125,,1224.3800048828125,19.059999465942383,0.261848824582551,,,,
2001-07-01,541.5499877929688,,1211.22998046875,21.6200008392334,0.2017150928462031,,,,
2001-08-01,545.1099853515625,,1133.5799560546875,24.920000076293945,,,,,
2001-09-01,479.67999267578125,,1040.93994140625,31.93000030517578,0.5409801481355347,,,,
2001-10-01,537.8099975585938,,1059.780029296875,33.560001373291016,,,,,
2001-11-01,643.8900146484375,,1139.449951171875,23.84000015258789,0.21760042183025738,,,,
2001-12-01,693.7000122070312,,1148.0799560546875,23.799999237060547,0.41962275176008323,0.3184639462782355,,,
2002-01-01,748.0700073242188,,1130.199951171875,21.09000015258789,0.3157643846261175,,,,
2002-02-01,819.989990234375,,1106.72998046875,21.59000015258789,0.29173231232376245,,,,
2002-03-01,895.5800170898438,,1147.3900146484375,17.399999618530273,,,,,
2002-04-01,842.3400268554688,,1076.9200439453125,21.90999984741211,0.22645030626128484,,,,
2002-05-01,796.4000244140625,,1067.1400146484375,19.979999542236328,0.32535522454186966,,,,
2002-06-01,742.719970703125,,989.8200073242188,25.399999618530273,0.3075480010985221,,,,
2002-07-01,717.989990234375,,911.6199951171875,32.029998779296875,,,,,
2002-08-01,736.4000244140625,,916.0700073242188,32.63999938964844,,,,,
2002-09-01,646.4199829101562,,815.280029296875,39.689998626708984,0.27932412975936954,,,,
2002-10-01,658.9199829101562,,885.760009765625,31.139999389648438,,,,,
2002-11-01,724.7999877929688,,936.3099975585938,27.5,0.33162903901322666,,,,
2002-12-01,627.5499877929688,,879.8200073242188,28.6200008392334,0.2210909148574513,,,,
2003-01-01,591.8599853515625,,855.7000122070312,31.170000076293945,0.3106253059746341,,,,
2003-02-01,575.4299926757812,,841.1500244140625,29.6299991607666,,,,,
2003-03-01,535.7000122070312,,848.1799926757812,29.149999618530273,0.33296444077289944,,,,
2003-04-01,599.3499755859375,,916.9199829101562,21.209999084472656,0.36520947690680605,0.34475047300988404,,,
2003-05-01,633.4199829101562,,963.5900268554688,19.469999313354492,,,,,
2003-06-01,669.9299926757812,,974.5,19.520000457763672,,,,,
2003-07-01,713.52001953125,,990.3099975585938,19.489999771118164,0.191604510859939,,,,
2003-08-01,759.469970703125,,1008.010009765625,18.6299991607666,,,,,
2003-09-01,697.52001953125,,995.969970703125,22.719999313354492,,,,,
2003-10-01,782.3599853515625,,1050.7099609375,16.100000381469727,,,,,
2003-11-01,796.1799926757812,,1058.199951171875,16.31999969482422,0.233059487173331,,,,
2003-12-01,810.7100219726562,1189.9000244140625,1111.9200439453125,18.309999465942383,0.2324692196533096,,0.07737810695309133,,
2004-01-01,848.5,1160.0,1131.1300048828125,16.6299991607666,,,0.12089452096138888,,
2004-02-01,883.4199829101562,1172.800048828125,1144.93994140625,14.550000190734863,0.1394188378398367,,0.1296519144403029,0.1211624124230469,
2004-03-01,880.5,1166.300048828125,1126.2099609375,16.739999771118164,0.20077580003222814,,0.17150703975597187,0.14208373813960473,
2004-04-01,862.8400268554688,1162.699951171875,1107.300048828125,17.190000534057617,0.19598975246983308,,0.2002995080285084,0.16993492700389468,
2004-05-01,803.8400268554688,1159.4000244140625,1120.6800537109375,15.5,,,0.14854492969900387,0.1758598863832667,
2004-06-01,785.7899780273438,1155.699951171875,1140.8399658203125,14.34000015258789,0.34393050537419173,,0.0809834249066061,0.14921155136354486,
2004-07-01,735.3400268554688,1170.0999755859375,1101.719970703125,15.319999694824219,0.24844586686362266,,0.06419085736533302,0.09819441015155599,
2004-08-01,803.5700073242188,1150.5999755859375,1104.239990234375,15.289999961853027,0.191455008766041,0.24506767110469768,0.0574662763220588,0.06409897317968592,
2004-09-01,835.0900268554688,1150.800048828125,1114.5799560546875,13.34000015258789,0.1392135364423135,0.1962774852047705,0.039726166374941196,0.053448771522495823,
2004-10-01,834.8400268554688,1106.300048828125,1130.199951171875,16.270000457763672,0.2701003458527911,,0.131534487386416,0.08534990611261374,
2004-11-01,878.0599975585938,1047.5999755859375,1173.8199462890625,13.239999771118164,0.22303289564276654,,0.23333305136183835,,
2004-12-01,895.9199829101562,1002.5999755859375,1211.9200439453125,13.289999961853027,0.18232930204611603,0.20188063517143753,0.14960402380445884,,
2005-01-01,932.7000122070312,1025.4100341796875,1181.27001953125,12.819999694824219,0.16047355327200086,,0.20300792941141563,0.18001821697877737,
2005-02-01,1011.3599853515625,1003.7999877929688,1203.5999755859375,12.079999923706055,0.1557713610940025,,0.10157255383920201,0.15672760687299783,
2005-03-01,965.6799926757812,1017.0,1180.5899658203125,14.020000457763672,0.1855068750214428,,0.09978794618485635,0.14242032458413062,
2005-04-01,911.2999877929688,996.6599731445312,1156.8499755859375,15.3100004196167,0.19915586549913594,,0.07410809506373385,0.09092200972478334,
2005-05-01,970.2100219726562,1007.0,1191.5,13.289999961853027,0.17217474292174037,,0.07920771391720675,0.08271921909543255,
2005-06-01,1008.1599731445312,1033.800048828125,1191.3299560546875,12.039999961853027,0.12981019354799486,,0.07463511248503711,0.07730282242618815,
2005-07-01,1111.2900390625,1023.0,1234.1800537109375,11.569999694824219,0.11639035878670742,,0.0946976780117971,0.08328401296486229,
2005-08-01,1083.3299560546875,1039.5,1220.3299560546875,12.600000381469727,0.11466605027091334,,0.09897008168867406,0.09168590918815166,
2005-09-01,1221.010009765625,1032.0999755859375,1228.81005859375,11.920000076293945,0.19232883934956968,,0.12154834199412233,0.1064343027358681,
2005-10-01,1158.1099853515625,1044.0999755859375,1207.010009765625,15.319999694824219,,,0.25089723829192834,,
2005-11-01,1297.43994140625,1019.0999755859375,1249.47998046875,12.0600004196167,0.2059744881591139,,0.3088788772484843,,
2005-12-01,1379.3699951171875,999.4500122070312,1248.2900390625,12.069999694824219,0.14155572656397383,0.18412999025514268,0.10908177414419491,0.22550554311830573,
2006-01-01,1399.8299560546875,948.0800170898438,1280.0799560546875,12.949999809265137,,,0.18239911176513665,0.20247523289139727,
2006-02-01,1371.5899658203125,952.760009765625,1280.6600341796875,12.34000015258789,0.1952729608926745,,0.10955684543878971,0.14149927146089825,
2006-03-01,1359.5999755859375,964.0900268554688,1294.8699951171875,11.390000343322754,0.16450518487759874,,0.14304178069378706,0.15566519251112265,
2006-04-01,1419.72998046875,922.469970703125,1310.6099853515625,11.59000015258789,0.1366517671102105,,0.16340137581484812,0.14554917899288572,
2006-05-01,1317.699951171875,937.1799926757812,1270.0899658203125,16.440000534057617,,,0.1192278487709446,0.15216971307000343,
2006-06-01,1295.1500244140625,936.4600219726562,1270.199951171875,13.079999923706055,,,0.12852207392369827,0.13225972801563865,
2006-07-01,1297.8199462890625,941.9500122070312,1276.6600341796875,14.949999809265137,0.23375773812074316,,0.1431657148749002,0.1314537682139951,
2006-08-01,1352.739990234375,950.1500244140625,1303.8199462890625,12.3100004196167,,,0.19779948548659881,0.1610037804492183,
2006-09-01,1371.4100341796875,936.3800048828125,1335.8499755859375,11.979999542236328,0.12673557839263258,,0.22324308396388448,0.19587185331422424,
2006-10-01,1364.550048828125,925.1500244140625,1377.93994140625,11.100000381469727,0.13090655539462934,,0.25316754810106823,0.22779135526700986,
2006-11-01,1432.2099609375,919.8099975585938,1400.6300048828125,10.90999984741211,0.09052322263313259,,0.07086825993541035,0.1930358830542558,
2006-12-01,1434.4599609375,916.9400024414062,1418.300048828125,11.5600004196167,0.11589393512659599,,0.12295452881252954,0.16380037748716134,
2007-01-01,1360.22998046875,924.0399780273438,1438.239990234375,10.420000076293945,0.1445083494681651,,0.1808254214945549,0.14938387905129902,
2007-02-01,1417.3399658203125,928.5999755859375,1406.8199462890625,15.420000076293945,0.151805344740137,,0.12538978550052088,0.16561166589265627,
2007-03-01,1452.550048828125,932.3599853515625,1420.8599853515625,14.640000343322754,,,0.23888462849058953,0.19636924392449728,
2007-04-01,1542.239990234375,930.5499877929688,1482.3699951171875,14.220000267028809,0.1095460345835257,,0.07274898449872141,0.1747122945735662,
2007-05-01,1700.9100341796875,931.4099731445312,1530.6199951171875,13.050000190734863,,,0.2531260577256672,0.2014038946170269,
2007-06-01,1743.5999755859375,921.5599975585938,1503.3499755859375,16.229999542236328,,,0.1637361722047879,0.19118820399787145,
2007-07-01,1933.27001953125,920.4400024414062,1455.27001953125,23.520000457763672,0.1855050385771693,,0.06593353926790672,0.18007261983097755,
2007-08-01,1873.239990234375,937.0999755859375,1473.989990234375,23.3799991607666,,,0.0798334624065138,0.10029568150731065,
2007-09-01,1946.47998046875,911.3900146484375,1526.75,18.0,0.23578876547582445,,0.07866363195100154,0.07437521427531882,
2007-10-01,2064.85009765625,898.6900024414062,1549.3800048828125,18.530000686645508,,,0.09626530965523765,,
2007-11-01,1906.0,919.47998046875,1481.1400146484375,22.8700008392334,0.28889238824569513,,0.05901837068315386,,
2007-12-01,1897.1300048828125,926.3599853515625,1468.3599853515625,22.5,0.2980965040967181,,,,
2008-01-01,1624.6800537109375,941.219970703125,1378.550048828125,26.200000762939453,0.3151036479249294,,0.09708293812600198,,
2008-02-01,1711.6199951171875,937.8400268554688,1330.6300048828125,26.540000915527344,0.34202562996766805,,0.05740547343541419,,
2008-03-01,1703.989990234375,992.280029296875,1322.699951171875,25.610000610351562,0.2308499004710303,,0.13725893372063985,0.12166930312380857,
2008-04-01,1825.469970703125,1002.4000244140625,1385.5899658203125,20.790000915527344,0.21148690742424528,,0.06568819041791403,,
2008-05-01,1852.02001953125,1029.0999755859375,1400.3800048828125,17.829999923706055,,,0.10940549966866249,,
2008-06-01,1674.9200439453125,1046.0,1280.0,23.950000762939453,,,0.1071534179564303,,
2008-07-01,1594.6700439453125,1010.7000122070312,1267.3800048828125,22.940000534057617,0.23706693918154548,,0.12032620923433593,,
2008-08-01,1474.239990234375,1088.4000244140625,1282.8299560546875,20.649999618530273,0.26900392742410933,,,,
2008-09-01,1448.06005859375,1204.800048828125,1166.3599853515625,39.38999938964844,,,0.41638083343756754,,
2008-10-01,1113.06005859375,1289.199951171875,968.75,59.88999938964844,,,0.5518752637602664,,
2008-11-01,1076.0699462890625,1467.9000244140625,896.239990234375,55.279998779296875,0.7955998193029814,,0.5790732375876657,0.5215937557421622,
2008-12-01,1124.469970703125,1242.199951171875,903.25,40.0,0.5348415967069645,,0.2775560623982418,0.5009095949727793,
2009-01-01,1162.1099853515625,1377.0999755859375,825.8800048828125,44.84000015258789,,,0.3385963229045311,0.38699064380475984,
2009-02-01,1063.030029296875,1530.300048828125,735.0900268554688,46.349998474121094,0.31888392431541485,,0.15904419467637293,0.27554057590653785,
2009-03-01,1206.260009765625,1375.0999755859375,797.8699951171875,44.13999938964844,0.32553367547018275,,0.22614812846410157,0.2523178838920737,
2009-04-01,1369.3599853515625,1278.0999755859375,872.8099975585938,36.5,0.2779957524963855,0.30268328801991673,0.28462042713223784,0.2403117611661415,
2009-05-01,1395.8900146484375,1250.0999755859375,919.1400146484375,28.920000076293945,,,0.2219998568712643,0.2534502003703249,
2009-06-01,1390.0699462890625,1272.5999755859375,919.3200073242188,26.350000381469727,0.23055102495504917,,0.12752499519555813,0.21585524062692968,
2009-07-01,1557.2900390625,1223.0999755859375,987.47998046875,25.920000076293945,0.20303811161934335,0.21049137557399944,0.11696351184152334,0.15305016313371594,
2009-08-01,1591.8499755859375,1249.5,1020.6199951171875,26.010000228881836,0.1628906209553221,0.19981947487114904,0.11808124546611372,0.11861489004299249,
2009-09-01,1673.1400146484375,1173.699951171875,1057.0799560546875,25.610000610351562,0.17463612731904932,0.17947365106495777,0.1654520312179599,0.13776413586111944,
2009-10-01,1580.68994140625,1185.5,1036.18994140625,30.690000534057617,0.16803559145307673,0.18359311510377702,0.17452191925630378,0.15769468999003372,
2009-11-01,1555.5999755859375,1160.5999755859375,1095.6300048828125,24.510000228881836,0.18853049321589196,,0.08648804609213767,0.14774865747266105,
2009-12-01,1682.77001953125,1151.0999755859375,1115.0999755859375,21.68000030517578,0.22330000454417714,,0.12188083019009911,0.12683960681032505,
2010-01-01,1602.4300537109375,1158.199951171875,1073.8699951171875,24.6200008392334,,,0.1390004382662319,0.11915328882308127,
2010-02-01,1594.5799560546875,1161.4000244140625,1104.489990234375,19.5,0.19355613488429657,,0.14306158672444652,0.13552466863654086,
2010-03-01,1692.8499755859375,1131.5999755859375,1169.4300537109375,17.59000015258789,0.1172836918387431,,0.07339959423921498,0.12139518030353431,
2010-04-01,1741.56005859375,1107.9000244140625,1186.68994140625,22.049999237060547,0.11995701238571921,,0.13379003936182085,0.1160726397361148,
2010-05-01,1641.25,1200.0,1089.4100341796875,32.06999969482422,0.13618534923036157,,0.22347198003468344,0.15978485822580263,
2010-06-01,1698.2900390625,1227.199951171875,1030.7099609375,34.540000915527344,,,0.2921751638481278,0.24355076574592002,
2010-07-01,1759.3299560546875,1184.0999755859375,1101.5999755859375,23.5,0.12980284560248345,,0.15956354334014505,0.24929793762603786,
2010-08-01,1742.75,1193.0999755859375,1049.3299560546875,26.049999237060547,0.12783142728868538,0.1314146906685696,0.12290052680040658,0.18805311067860966,
2010-09-01,1872.81005859375,1139.199951171875,1141.199951171875,23.700000762939453,0.13981250154873065,0.13099417735247199,0.09642378725459412,0.1265842015894101,
2010-10-01,1882.949951171875,1132.4000244140625,1183.260009765625,21.200000762939453,0.12275203232111696,,0.12250167872248474,0.11234078835462996,
2010-11-01,1904.6300048828125,1163.0,1180.550048828125,23.540000915527344,0.14951542160226758,,0.14819049739111192,0.1253597523837087,
2010-12-01,2051.0,1127.0999755859375,1257.6400146484375,17.75,0.12217773042364226,0.12992988971625757,0.16594974671333254,0.15186466858901645,
2011-01-01,2069.72998046875,1117.4000244140625,1286.1199951171875,19.530000686645508,0.12249594878512819,,0.14934539153863352,0.15444684143819137,
2011-02-01,1939.300048828125,1127.0999755859375,1327.219970703125,18.350000381469727,0.11957318473945368,,0.12763601360439097,0.14588507117082114,
2011-03-01,2106.699951171875,1098.300048828125,1325.8299560546875,17.739999771118164,0.17736236039582337,,0.08685200725526572,0.1220278556499612,
2011-04-01,2192.360107421875,1068.800048828125,1363.6099853515625,14.75,0.13468091053125772,,0.08849516745267662,0.107481578028969,
2011-05-01,2142.469970703125,1075.300048828125,1345.199951171875,15.449999809265137,0.15441756906874635,,0.161085188234247,,
2011-06-01,2100.68994140625,1068.9000244140625,1320.6400146484375,16.520000457763672,,,0.13504443748785913,,
2011-07-01,2133.2099609375,1049.0,1292.280029296875,25.25,0.1559988176723198,,0.0983728243970673,0.13050814546481687,
2011-08-01,1880.1099853515625,1071.800048828125,1218.8900146484375,31.6200008392334,0.23476915801019102,,0.17611612022269618,0.1382342450844473,
2011-09-01,1769.6500244140625,1177.0,1131.4200439453125,42.959999084472656,,,0.15227013314346527,0.15180627761356852,
2011-10-01,1909.030029296875,1104.0,1253.300048828125,29.959999084472656,,,0.20532160096162183,0.18276550422220805,
2011-11-01,1847.510009765625,1140.300048828125,1246.9599609375,27.799999237060547,0.28744307461466584,,0.13798398803954487,0.17079478828480357,
2011-12-01,1825.739990234375,1155.4000244140625,1257.5999755859375,23.399999618530273,0.28288260900359113,0.2761142150836481,0.1533662570585938,0.16539587092592797,
2012-01-01,1955.7900390625,1125.699951171875,1312.4100341796875,19.440000534057617,,,0.10979654170125398,0.13408895828703635,
2012-02-01,2030.25,1124.5999755859375,1365.6800537109375,18.43000030517578,0.13357025007211978,,0.07675220475951876,0.11751672996375366,
2012-03-01,2014.0400390625,1138.0,1408.469970703125,15.5,0.11505265269678211,,0.11510631137697325,0.09995485911554378,
2012-04-01,1981.989990234375,1131.699951171875,1397.9100341796875,17.149999618530273,0.11876550708322363,,0.12684322076142676,0.11030831847372612,
2012-05-01,1843.469970703125,1179.699951171875,1310.3299560546875,24.059999465942383,,,0.09342260592447867,0.11423959687145807,
2012-06-01,1854.010009765625,1157.0999755859375,1362.1600341796875,17.079999923706055,,,0.17486290628339513,0.13461364443223212,
2012-07-01,1881.989990234375,1136.5999755859375,1379.3199462890625,18.93000030517578,0.174364554722122,,0.23097719957594506,0.17960848203599672,
2012-08-01,1905.1199951171875,1133.5999755859375,1406.5799560546875,17.469999313354492,0.20853485177035855,,0.21416938318415155,0.21193431083569267,
2012-09-01,1996.2099609375,1115.4000244140625,1440.6700439453125,15.729999542236328,0.17419967767151245,,0.16640240038124177,0.19940332318752746,
2012-10-01,1912.06005859375,1090.300048828125,1412.1600341796875,18.600000381469727,,,0.1577348119926385,0.17665975720319083,
2012-11-01,1932.9000244140625,1082.0999755859375,1416.1800537109375,15.869999885559082,0.12242293736542056,,0.1841648518380793,0.16915372694760678,
2012-12-01,1997.050048828125,1038.0999755859375,1426.18994140625,18.020000457763672,0.09944151980783178,,0.21741657737635134,0.17839438046591913,
2013-01-01,1961.93994140625,1085.4000244140625,1498.1099853515625,14.279999732971191,0.09483568218690791,,0.24790496832801506,,
2013-02-01,2026.489990234375,1083.9000244140625,1514.6800537109375,15.510000228881836,0.09373665662885315,,0.20831533616092837,0.22155005021432111,
2013-03-01,2004.8900146484375,1112.0,1569.18994140625,12.699999809265137,,,0.22289217950805945,0.22676770306160782,
2013-04-01,1963.949951171875,1103.199951171875,1597.5699462890625,13.520000457763672,0.11785322256184562,,0.19194680441254056,0.20478814260940306,
2013-05-01,2001.050048828125,1127.5999755859375,1630.739990234375,16.299999237060547,,,0.22637155453014907,0.20908815177013404,
2013-06-01,1863.3199462890625,1147.199951171875,1606.280029296875,16.860000610351562,,,0.19548483900729238,0.20684153302356947,
2013-07-01,1914.030029296875,1113.300048828125,1685.72998046875,13.449999809265137,0.18697184813477974,,0.13907419832067736,0.19485881145638967,
2013-08-01,1926.3599853515625,1111.699951171875,1632.969970703125,17.010000228881836,0.1226551285654887,,0.12275839732688398,0.148070204130727,
2013-09-01,1996.9599609375,1075.800048828125,1681.550048828125,16.600000381469727,0.12280249319556576,,0.06556926746392835,0.10945178979745189,
2013-10-01,2030.0899658203125,1058.199951171875,1756.5400390625,13.75,,,0.050331812238351134,0.09291868281423853,
2013-11-01,2044.8699951171875,1060.0999755859375,1805.81005859375,13.699999809265137,0.1278124194017195,,0.18555021037354325,,
2013-12-01,2011.3399658203125,1054.300048828125,1848.3599853515625,13.720000267028809,0.1206543947851989,,0.09386415265651021,,
2014-01-01,1941.1500244140625,1079.300048828125,1782.5899658203125,18.40999984741211,,,0.08210845016040086,0.12750743761100997,
2014-02-01,1979.989990234375,1068.699951171875,1859.449951171875,14.0,,,0.09902144708915869,0.08981310906733335,
2014-03-01,1985.6099853515625,1066.550048828125,1872.3399658203125,13.880000114440918,0.10838547492942845,,0.05518614704982216,0.08465162074525474,
2014-04-01,1961.7900390625,1029.43994140625,1883.949951171875,13.40999984741211,0.07876462271297037,0.09399290561290131,0.06068146779696368,0.07177278116350773,
2014-05-01,1994.9599609375,1018.5399780273438,1923.5699462890625,11.399999618530273,,,0.08442145552744154,0.0699911296739177,
2014-06-01,2002.2099609375,1013.2999877929688,1960.22998046875,11.569999694824219,,,0.08848311140831824,0.08746730359136023,
2014-07-01,2076.1201171875,1023.5999755859375,1930.6700439453125,16.950000762939453,0.08067546077316325,,0.042695781800202934,0.0833536223645995,
2014-08-01,2068.5400390625,1014.2000122070312,2003.3699951171875,12.09000015258789,0.07894505108442085,,0.06833764753087623,0.06450203289708152,
2014-09-01,2020.0899658203125,1052.199951171875,1972.2900390625,16.309999465942383,,,0.11502330877161014,0.08275112410000326,
2014-10-01,1964.4300537109375,1053.800048828125,2018.050048828125,14.029999732971191,,,0.16200691076826623,0.13150601569325046,
2014-11-01,1980.780029296875,1099.0999755859375,2067.56005859375,13.329999923706055,0.10798595823147733,,0.15963763004149978,0.15553656736765226,
2014-12-01,1915.5899658203125,1095.300048828125,2058.89990234375,19.200000762939453,0.09442089806556214,,0.1290654137458076,0.1476854528001515,
2015-01-01,1949.260009765625,1098.800048828125,1994.989990234375,20.969999313354492,0.11932843734880484,,0.1069808354607123,0.13299153089493532,14.01
2015-02-01,1985.800048828125,1100.6700439453125,2104.5,13.34000015258789,0.08951003233670896,,0.08882988592399729,0.10535951507570007,14.01
2015-03-01,2041.030029296875,1105.5,2067.889892578125,15.289999961853027,0.10548829033185393,,0.09364198689408379,0.09561075765241464,14.01
2015-04-01,2127.169921875,1068.969970703125,2085.510009765625,14.550000190734863,0.0941171579901054,,0.08893267841977165,0.09132649955673151,14.01
2015-05-01,2114.800048828125,1107.0,2107.389892578125,13.84000015258789,,,0.08177981892889839,0.08970969296199931,14.01
2015-06-01,2074.199951171875,1118.219970703125,2063.110107421875,18.229999542236328,0.0928121678747502,,0.07803413297908599,0.08201993386166595,14.01
2015-07-01,2030.1600341796875,1170.77001953125,2103.840087890625,12.119999885559082,0.13692917539815203,,0.06779806306564336,0.07586915153835447,14.01
2015-08-01,1941.489990234375,1177.5999755859375,1972.1800537109375,28.43000030517578,0.10525103143268234,,0.09024275054644598,0.0782056311016169,14.01
2015-09-01,1962.81005859375,1194.1600341796875,1920.030029296875,24.5,0.21553196096150015,,0.0858669569221973,0.081903265873892,14.01
2015-10-01,2029.469970703125,1139.8599853515625,2079.360107421875,15.069999694824219,,,0.08902457215641203,0.09005016378796074,14.01
2015-11-01,1991.969970703125,1154.8299560546875,2080.409912109375,16.1299991607666,0.11000556414739927,,0.09619012390635419,0.09101443042693408,14.01
2015-12-01,1961.31005859375,1175.43994140625,2043.93994140625,18.209999084472656,0.1474682572508414,,0.09462165144088085,0.09476459540107982,14.01
2016-01-01,1912.06005859375,1205.6300048828125,1940.239990234375,20.200000762939453,,,0.07955582506630977,0.08883861753841152,14.55
2016-02-01,1916.6600341796875,1241.1300048828125,1932.22998046875,20.549999237060547,0.17537236785029825,,0.09223446806207804,0.08778772160696593,14.55
2016-03-01,1995.8499755859375,1140.22998046875,2059.739990234375,13.949999809265137,0.058697307443627916,,0.11721042510275333,0.0989943627562036,14.55
2016-04-01,1994.1500244140625,1134.0,2065.300048828125,15.699999809265137,0.0728879087714717,,0.11386985597658768,0.11184480252240689,14.55
2016-05-01,1983.4000244140625,1198.449951171875,2096.949951171875,14.1899995803833,,,0.10799443849826207,0.1157128803378272,14.55
2016-06-01,1970.3499755859375,1152.1500244140625,2098.860107421875,15.630000114440918,,,0.11741888826810443,0.11230467857173382,14.55
2016-07-01,2016.18994140625,1123.3499755859375,2173.60009765625,11.869999885559082,0.14962578797163337,,0.12038226965491945,0.11655020007859081,14.55
2016-08-01,2034.6500244140625,1118.3800048828125,2170.949951171875,13.420000076293945,0.08774194411013156,,0.0872135102470846,0.10949154101935074,14.55
2016-09-01,2043.6300048828125,1101.6199951171875,2168.27001953125,13.289999961853027,0.11177358476386992,,0.09716554211580708,0.09844434903559551,14.55
2016-10-01,2008.18994140625,1146.699951171875,2126.14990234375,17.059999465942383,,,0.10776240025644365,0.0979846647669633,14.55
2016-11-01,1983.47998046875,1167.8599853515625,2198.81005859375,13.329999923706055,0.13294844627560257,,0.11294845465323981,0.10644601383394056,14.55
2016-12-01,2026.4599609375,1205.2900390625,2238.830078125,14.039999961853027,0.10887874621717222,0.11329389890490223,0.10550743156455779,0.10803534423732186,14.55
2017-01-01,2067.570068359375,1169.2099609375,2278.8701171875,11.989999771118164,,,0.11942850544754692,0.11365266438808992,14.83
2017-02-01,2091.639892578125,1133.93994140625,2363.639892578125,12.920000076293945,0.061409375236876874,,0.12537432048025804,0.1171520117006735,14.83
2017-03-01,2160.22998046875,1117.02001953125,2362.719970703125,12.369999885559082,0.08237714372347577,,0.09431394925410698,0.1151413570899802,14.83
2017-04-01,2205.43994140625,1129.93994140625,2384.199951171875,10.819999694824219,0.07735789107982347,,0.08999198549236158,0.10102220731316391,14.83
2017-05-01,2347.3798828125,1123.9000244140625,2411.800048828125,10.40999984741211,,,0.07696498945993822,0.08789371241294593,14.83
2017-06-01,2391.7900390625,1146.1400146484375,2423.409912109375,11.180000305175781,,,0.07178570768519134,0.07755758197224227,14.83
2017-07-01,2402.7099609375,1124.050048828125,2470.300048828125,10.260000228881836,0.06361867462964414,,0.069371354286609,0.07297642740941389,14.83
2017-08-01,2363.18994140625,1123.3299560546875,2471.64990234375,10.59000015258789,0.10650076344337771,,0.06917850364554873,,14.83
2017-09-01,2394.469970703125,1145.93994140625,2519.360107421875,9.510000228881836,0.08632005766708035,,0.06720198886425524,,14.83
2017-10-01,2523.429931640625,1123.449951171875,2575.260009765625,10.180000305175781,,,0.04759017239034479,0.06100433138128271,14.83
2017-11-01,2476.3701171875,1080.6600341796875,2647.580078125,11.279999732971191,0.07831106470128842,,0.051394539417975296,0.05632939551299126,14.83
2017-12-01,2467.489990234375,1069.489990234375,2673.610107421875,11.039999961853027,0.10383471450956348,,0.06023266394141324,,14.83
2018-01-01,2566.4599609375,1072.5400390625,2823.81005859375,13.539999961853027,0.10980735424431975,,0.05414785366393485,,15.48
2018-02-01,2427.360107421875,1079.3900146484375,2713.830078125,19.850000381469727,0.1473473079573921,,0.1083165149747333,0.08228646020946362,15.48
2018-03-01,2445.85009765625,1062.0,2640.8701171875,19.969999313354492,0.17228484541145886,,0.10007054382245734,0.09160061594574112,15.48
2018-04-01,2515.3798828125,1067.5999755859375,2648.050048828125,15.930000305175781,0.1407352684271648,,0.08423224627311804,0.09849007052291706,15.48
2018-05-01,2423.010009765625,1075.030029296875,2705.27001953125,15.430000305175781,,,0.07686505861191521,0.08498904741655512,15.48
2018-06-01,2326.1298828125,1120.5400390625,2718.3701171875,16.09000015258789,,,0.08331602493220294,0.07974263185602215,15.48
2018-07-01,2295.260009765625,1116.6700439453125,2816.2900390625,12.829999923706055,0.12019510898419648,,0.073750725468552,0.07847086101099195,15.48
2018-08-01,2322.8798828125,1115.449951171875,2901.52001953125,12.859999656677246,0.09866786448285939,,0.09901000793577694,0.08554128702392351,15.48
2018-09-01,2343.070068359375,1112.31005859375,2913.97998046875,12.119999885559082,0.08367648007753556,,0.08958566934371068,0.0891391031614062,15.48
2018-10-01,2029.68994140625,1137.699951171875,2711.739990234375,21.229999542236328,,,0.07686264102522333,0.08758653960063896,15.48
2018-11-01,2096.860107421875,1117.02001953125,2760.169921875,18.06999969482422,0.18787199280579062,,0.0921287829348706,0.08445573957897701,15.48
2018-12-01,2041.0400390625,1116.300048828125,2506.85009765625,25.420000076293945,0.13459022861642964,,0.07644128832317833,0.08221116726730737,15.48
2019-01-01,2204.85009765625,1109.0,2704.10009765625,16.56999969482422,0.11869818096560956,,0.065980188037672,0.07684999278163013,15.86
2019-02-01,2195.43994140625,1115.0999755859375,2784.489990234375,14.779999732971191,0.11586545959512123,,0.060167524500228456,0.06604652516946018,15.86
2019-03-01,2140.669921875,1134.3199462890625,2834.39990234375,13.710000038146973,,,0.05209507374306307,0.05879367706621115,15.86
2019-04-01,2203.590087890625,1158.7900390625,2945.830078125,13.119999885559082,0.10891089171499847,,0.05591210853534798,0.054939748115594454,15.86
2019-05-01,2041.739990234375,1188.3800048828125,2752.06005859375,18.709999084472656,,,0.06399411593929126,0.05712666490131186,15.86
2019-06-01,2130.6201171875,1155.510009765625,2941.760009765625,15.079999923706055,0.14892949197573468,,0.07082232777363717,,15.86
2019-07-01,2024.550048828125,1180.6500244140625,2980.3798828125,16.1200008392334,0.12201591262863253,,0.06461794402882015,,15.86
2019-08-01,1967.7900390625,1207.1600341796875,2926.4599609375,18.979999542236328,0.14556737290206936,,0.07618052063839342,0.07221746093973076,15.86
2019-09-01,2063.050048828125,1201.9100341796875,2976.739990234375,16.239999771118164,,,0.0617211662388655,0.06879402158807171,15.86
2019-10-01,2083.47998046875,1163.699951171875,3037.56005859375,13.220000267028809,,,0.05466874637174938,0.06598528195694697,15.86
2019-11-01,2087.9599609375,1177.010009765625,3140.97998046875,12.619999885559082,0.1087975653450239,,0.053790542102103454,0.055388749350928274,15.86
2019-12-01,2197.669921875,1156.3499755859375,3230.780029296875,13.779999732971191,0.12593168458193782,,0.061015624307300564,0.05738583156744923,15.86
2020-01-01,2119.010009765625,1187.1199951171875,3225.52001953125,18.84000015258789,,,0.05686545294528091,0.058467495276956306,15.6
2020-02-01,1987.010009765625,1211.31005859375,2954.219970703125,40.11000061035156,0.23538957248400913,,0.07219064720850443,0.06536087921311026,15.6
2020-03-01,1754.6400146484375,1222.699951171875,2584.590087890625,53.540000915527344,0.4216552813992454,,0.12192169209186733,0.08835243708726594,15.6
2020-04-01,1947.56005859375,1210.7900390625,2912.429931640625,34.150001525878906,0.6976182448497958,,0.14842698599428164,0.12344524271326557,15.6
2020-05-01,2029.5999755859375,1237.97998046875,3044.31005859375,27.510000228881836,,,0.0813009735738919,0.12508323579471198,15.6
2020-06-01,2108.330078125,1198.489990234375,3100.2900390625,30.43000030517578,0.25393769725453796,,0.08079765692468313,0.10225555835921404,15.6
2020-07-01,2249.3701171875,1189.56005859375,3271.1201171875,24.459999084472656,0.21865793761452212,0.219846897392579,0.05557019892227145,0.07210160792018096,15.6
2020-08-01,2326.169921875,1179.5899658203125,3500.31005859375,26.40999984741211,0.1339737063562159,0.2197603488039666,0.05197555548253324,0.06303728487612908,15.6
2020-09-01,2327.889892578125,1167.8599853515625,3363.0,26.3700008392334,0.17476865200021424,,0.05351378789260945,0.05209408089563714,15.6
2020-10-01,2267.14990234375,1129.52001953125,3269.9599609375,38.02000045776367,,,0.06456127152187321,0.05660228200247724,15.6
2020-11-01,2591.340087890625,1104.3299560546875,3621.6298828125,20.56999969482422,0.17805868613027315,,0.057076338105631584,0.05877897022145563,15.6
2020-12-01,2873.469970703125,1086.4200439453125,3756.070068359375,22.75,0.16098507018991504,,0.06010807164682176,0.06008765466918432,15.6
2021-01-01,2976.2099609375,1112.2900390625,3714.239990234375,33.09000015258789,,,0.0538828442555453,0.05688165302158234,16.3
2021-02-01,3012.949951171875,1119.1300048828125,3811.14990234375,27.950000762939453,0.28945689061553254,,0.05677285830942484,0.05745007413112056,16.3
2021-03-01,3061.419921875,1132.3199462890625,3972.889892578125,19.399999618530273,0.14468596722012067,,0.11904097604353152,0.0830734875145376,16.3
2021-04-01,3147.860107421875,1106.6300048828125,4181.169921875,18.610000610351562,0.10328500515373983,,0.05776197804259267,0.08664530532106153,16.3
2021-05-01,3203.919921875,1112.8499755859375,4204.10986328125,16.760000228881836,0.10561167756399148,,0.07295106143373584,0.08579923776911291,16.3
2021-06-01,3296.679931640625,1130.510009765625,4297.5,15.829999923706055,0.07849418007788092,,0.07424311002447942,0.06837013329714774,16.3
2021-07-01,3202.320068359375,1142.1199951171875,4395.259765625,18.239999771118164,0.09251617287892722,,0.06127087946144183,0.07039488899556219,16.3
2021-08-01,3199.27001953125,1165.510009765625,4522.68017578125,16.479999542236328,0.11160639094489444,0.09450704221603753,0.06650755302070498,0.06610394591951502,16.3
2021-09-01,3068.820068359375,1187.4300537109375,4307.5400390625,23.139999389648438,0.143483817056996,,0.07048257045110437,0.06576913015534876,16.3
2021-10-01,2970.679931640625,1167.3699951171875,4605.3798828125,16.260000228881836,,,0.06504491674935178,0.06724013223640174,16.3
2021-11-01,2839.010009765625,1190.739990234375,4567.0,27.190000534057617,0.13371501501965555,,0.09633666937356379,0.07780813114095873,16.3
2021-12-01,2977.64990234375,1189.8900146484375,4766.18017578125,17.219999313354492,0.16810427284215643,,0.06494432138427282,0.07917911127136622,16.3
2022-01-01,2663.340087890625,1207.7099609375,4515.5498046875,24.829999923706055,,,0.055036817319313994,0.07598732006344565,16.15
2022-02-01,2699.179931640625,1197.5899658203125,4373.93994140625,30.149999618530273,,,0.04387318831664443,0.051810783145352333,16.15
2022-03-01,2757.64990234375,1210.43994140625,4530.41015625,20.559999465942383,,,0.09085313767812997,0.06693766570104297,16.15
2022-04-01,2695.050048828125,1272.2900390625,4131.93017578125,33.400001525878906,0.12713975452689444,,0.08670670949965757,0.07989091746715037,16.15
2022-05-01,2685.89990234375,1236.1700439453125,4132.14990234375,26.190000534057617,0.14560159370129036,,0.10018132862955782,0.09520137876500478,16.15
2022-06-01,2332.639892578125,1301.72998046875,3785.3798828125,28.709999084472656,,,0.10828958241246572,0.09922249863923654,16.15
2022-07-01,2451.5,1295.1500244140625,4130.2900390625,21.329999923706055,0.22058939175950348,,0.10266135814802785,0.10515618342423513,16.15
2022-08-01,2472.050048828125,1350.18994140625,3955.0,25.8700008392334,0.1151687177280695,,0.08850572779367184,0.09793069600464482,16.15
2022-09-01,2155.489990234375,1430.1700439453125,3585.6201171875,31.6200008392334,,,0.08987702063053939,0.09303337015907034,16.15
2022-10-01,2293.610107421875,1421.6500244140625,3871.97998046875,25.8799991607666,,,0.10159818962045766,0.09329612197296895,16.15
2022-11-01,2472.530029296875,1325.3699951171875,4080.110107421875,20.579999923706055,0.1749162694589976,,0.14368133114064138,0.11819341892336879,16.15
2022-12-01,2236.39990234375,1260.260009765625,3839.5,21.670000076293945,0.16227999097300344,,0.1996892889269126,0.15901934635906165,16.15
2023-01-01,2425.080078125,1231.5,4076.60009765625,19.399999618530273,,,0.11055833063662374,0.1598040236122407,16.4
2023-02-01,2412.85009765625,1318.3499755859375,3970.14990234375,20.700000762939453,0.1688481716616974,,0.08933652557055845,0.13680782290073532,16.4
2023-03-01,2476.860107421875,1296.5,4109.31005859375,18.700000762939453,0.15413337808487024,,0.11874219873073831,0.10921922532871466,16.4
2023-04-01,2501.530029296875,1339.3900146484375,4169.47998046875,15.779999732971191,0.12497640135646546,,0.09678596104447175,0.10467978609182652,16.4
2023-05-01,2577.1201171875,1319.7900390625,4179.830078125,17.940000534057617,,,0.09134881224149084,0.10258106758068013,16.4
2023-06-01,2564.280029296875,1323.0699462890625,4450.3798828125,13.59000015258789,,,0.09484523384974969,0.093249398744213,16.4
2023-07-01,2632.580078125,1272.3900146484375,4588.9599609375,13.630000114440918,0.12633182442634935,,0.10845148193424427,0.09843231242390785,16.4
2023-08-01,2556.27001953125,1323.030029296875,4507.66015625,13.569999694824219,0.14154764807911832,,0.08198746995925178,0.0975056287787945,16.4
2023-09-01,2465.070068359375,1347.8499755859375,4288.0498046875,17.520000457763672,0.11644914694220908,,0.07015198407078749,0.08720152392330557,16.4
2023-10-01,2277.989990234375,1348.0699462890625,4193.7998046875,18.139999389648438,,,0.07412535211270894,0.07416303039193294,16.4
2023-11-01,2535.2900390625,1288.3599853515625,4567.7998046875,12.920000076293945,0.28049238324481646,,0.10718628482294833,0.0863405461499229,16.4
2023-12-01,2655.280029296875,1277.8399658203125,4769.830078125,12.449999809265137,0.1316679306018731,,0.10779259423927508,0.0987414172676423,16.4
2024-01-01,2497.090087890625,1326.6199951171875,4845.64990234375,14.350000381469727,0.13480611928929687,,0.1083018804422007,0.10998922185012339,16.52
2024-02-01,2642.360107421875,1333.3800048828125,5096.27001953125,13.399999618530273,0.1732584425873239,,0.07673410851869648,0.09892166608814384,16.52
2024-03-01,2746.6298828125,1349.800048828125,5254.35009765625,13.010000228881836,,,0.05989569699461103,0.08079455906329337,16.52
2024-04-01,2692.06005859375,1374.6400146484375,5035.68994140625,15.649999618530273,0.1621955649138259,,0.07462350334200549,0.07026609676263147,16.52
2024-05-01,2636.52001953125,1375.6199951171875,5277.509765625,12.920000076293945,,,0.08007210304016338,0.07333626848066378,16.52
2024-06-01,2797.820068359375,1386.949951171875,5460.47998046875,12.4399995803833,,,0.07152067494069105,0.07621430600638233,16.52
2024-07-01,2770.68994140625,1383.5,5522.2998046875,16.360000610351562,0.1185775512088207,,0.061278994152576406,0.06980075273546618,16.52
2024-08-01,2674.31005859375,1332.8800048828125,5648.39990234375,15.0,0.3387525746094785,,0.08458247400336139,0.07309477911647579,16.52
2024-09-01,2593.27001953125,1309.300048828125,5762.47998046875,16.729999542236328,0.16178256859533863,,0.08496847615637622,0.0784986335634369,16.52
2024-10-01,2556.14990234375,1378.5699462890625,5705.4501953125,23.15999984741211,,,0.08692195138843449,0.08850907693591208,16.52
2024-11-01,2455.909912109375,1393.300048828125,6032.3798828125,13.510000228881836,0.17172665152466612,,0.11114147656933537,0.09564510873271173,16.52
2024-12-01,2399.489990234375,1467.3900146484375,5881.6298828125,17.350000381469727,0.21004473304206847,,0.09898556039264261,0.09998435928053219,16.52
2025-01-01,2517.3701171875,1441.6600341796875,6040.52978515625,16.43000030517578,,,0.10672660652537158,0.1081348914972775,16.67
2025-02-01,2532.780029296875,1449.8599853515625,5954.5,19.6299991607666,0.1991506477332241,,0.11367015783868309,0.10626433837848133,16.67
2025-03-01,2481.1201171875,1469.4100341796875,5611.85009765625,22.280000686645508,,,0.08108842574776076,0.10198428045090642,16.67
2025-04-01,2556.610107421875,1431.1600341796875,5569.06005859375,24.700000762939453,0.3167406066544882,,0.11800194907489678,0.1087243606011821,16.67
2025-05-01,2697.669921875,1370.4100341796875,5911.68994140625,18.56999969482422,,,0.15980142490484286,,16.67
2025-06-01,3071.699951171875,1363.5899658203125,6204.9501953125,16.729999542236328,,,0.11779879712447401,,16.67
2025-07-01,3245.43994140625,1392.52001953125,6339.39013671875,16.719999313354492,0.1653775739641577,,0.09397084300288415,0.11887015427870293,16.67
2025-08-01,3186.010009765625,1384.4100341796875,6460.259765625,15.359999656677246,0.18322833088535803,,0.05845743631322434,0.09114847877059015,16.67
2025-09-01,3424.60009765625,1399.3299560546875,6688.4599609375,16.280000686645508,0.1406872106837074,,0.06711803935301584,0.07082634172176737,16.67
2025-10-01,4107.5,1424.02001953125,6840.2001953125,17.440000534057617,0.16879397100378773,,0.06368856279486576,0.06343490353006691,16.67
2025-11-01,3926.590087890625,1461.4000244140625,6849.08984375,16.350000381469727,0.3185329257222957,,0.07278999519288444,0.0676409127329066,16.67
2025-12-01,4214.169921875,1437.9100341796875,6845.5,14.949999809265137,0.2673566451480454,,0.07817697262637141,0.07261675939048605,16.67
2026-01-01,5224.35986328125,1428.760009765625,6939.02978515625,17.440000534057617,0.1548388238515831,,0.09024510071712197,0.0824374111462026,16.7
2026-02-01,6244.1298828125,1432.3199462890625,6878.8798828125,19.860000610351562,0.37029499619447004,,0.0956894131430337,0.0873770084951358,16.7
2026-03-01,5052.4599609375,1516.1300048828125,6528.52001953125,25.25,0.7529822337245206,,0.14310414729789567,0.11180245342385355,16.7
2026-04-01,5450.330078125,1500.6199951171875,6593.39990234375,26.170000076293945,0.6285248743128218,,0.14469782586692861,0.12248123628829573,16.7
